date,value
6:06:06,3556
6:06:07,2670
6:06:08,2402
6:06:09,3644
6:06:09,3803
6:06:09,4126
6:06:12,1710
6:06:15,2218
6:06:17,2194
6:06:17,1981
6:06:20,2787
6:06:22,4041
6:06:22,3929
6:06:23,4432
6:06:24,4433
6:06:25,4354
6:06:28,2573
6:06:29,3764
6:06:36,2392
6:06:37,4418
6:06:38,3348
6:06:38,3349
6:06:42,2718
6:06:43,1519
6:06:44,1524
6:06:47,2649
6:06:48,3820
6:06:49,1959
6:06:52,2285
6:06:53,3835
6:06:53,2612
6:06:54,1771
6:06:58,2712
6:06:58,3810
6:06:59,3087
6:06:59,3239
6:07:00,3381
6:07:02,3546
6:07:03,1953
6:07:04,4505
6:07:04,3783
6:07:05,2309
6:07:05,3886
6:07:05,2197
6:07:11,2124
6:07:11,1592
6:07:13,1501
6:07:14,4278
6:07:15,2771
6:07:16,1719
6:07:18,3948
6:07:19,2271
6:07:20,3868
6:07:23,2427
6:07:23,3947
6:07:24,1801
6:07:24,1962
6:07:28,4314
6:07:39,4016
6:07:40,2258
6:07:41,3144
6:07:42,2031
6:07:42,3887
6:07:46,4477
6:07:46,3806
6:07:46,1481
6:07:47,2643
6:07:47,4537
6:07:49,3660
6:07:51,4546
6:07:51,2806
6:07:54,4402
6:07:55,3986
6:07:55,1597
6:07:56,1473
6:07:57,1478
6:07:57,4373
6:07:58,3596
6:08:00,4074
6:08:01,4556
6:08:02,2636
6:08:04,2483
6:08:05,2874
6:08:07,2843
6:08:08,3772
6:08:15,4361
6:08:15,2317
6:08:15,1776
6:08:18,1565
6:08:18,1589
6:08:18,4328
6:08:20,4276
6:08:20,2100
6:08:21,3928
6:08:22,4445
6:08:22,1481
6:08:23,4079
6:08:24,2759
6:08:24,2387
6:08:28,2200
6:08:28,2220
6:08:31,2961
6:08:31,2382
6:08:35,2278
6:08:35,2291
6:08:38,4294
6:08:41,3772
6:08:41,3238
6:08:45,3926
6:08:45,3514
6:08:46,2684
6:08:46,4531
6:08:47,3663
6:08:47,4566
6:08:49,4282
6:08:52,4253
6:08:53,3276
6:08:55,2929
6:08:55,3509
6:08:55,1627
6:08:56,2616
6:08:56,2661
6:08:56,3935
6:08:56,4515
6:08:58,2037
6:08:59,1663
6:09:00,1608
6:09:00,3944
6:09:02,2789
6:09:02,3822
6:09:05,3392
6:09:08,3393
6:09:08,4356
6:09:10,1618
6:09:12,2212
6:09:13,1854
6:09:13,2797
6:09:15,3369
6:09:16,3369
6:09:18,1549
6:09:18,1802
6:09:19,4446
6:09:20,3492
6:09:20,3949
6:09:22,2747
6:09:29,2803
6:09:30,4565
6:09:31,2583
6:09:32,1495
6:09:32,4272
6:09:33,3046
6:09:33,2758
6:09:36,2584
6:09:37,3403
6:09:40,2442
6:09:41,4412
6:09:42,3011
6:09:43,4228
6:09:44,3168
6:09:45,4393
6:09:45,1680
6:09:47,1478
6:09:48,4442
6:09:49,4506
6:09:50,4394
6:09:50,3294
6:09:51,2632
6:09:55,3258
6:09:55,2369
6:09:57,4400
6:09:58,4019
6:09:59,4362
6:10:00,3300
6:10:03,2147
6:10:03,3278
6:10:04,3096
6:10:04,3572
6:10:04,2234
6:10:10,2102
6:10:12,2354
6:10:12,2266
6:10:13,2747
6:10:16,1983
6:10:17,3490
6:10:17,3001
6:10:18,4215
6:10:19,4029
6:10:20,2762
6:10:20,3002
6:10:21,2384
6:10:21,2945
6:10:22,4431
6:10:24,2191
6:10:26,1636
6:10:26,4464
6:10:26,4405
6:10:29,4550
6:10:31,2185
6:10:32,4414
6:10:34,1600
6:10:36,3788
6:10:36,4084
6:10:37,2909
6:10:37,3593
6:10:37,4338
6:10:43,3425
6:10:44,2201
6:10:45,3852
6:10:46,2876
6:10:46,3426
6:10:48,2947
6:10:49,2083
6:10:52,1651
6:10:53,2078
6:10:56,3539
6:10:57,3503
6:10:57,4069
6:10:59,4337
6:11:00,4352
6:11:02,3429
6:11:03,1933
6:11:03,4311
6:11:08,2943
6:11:09,3426
6:11:09,3245
6:11:10,1478
6:11:10,2933
6:11:10,4551
6:11:12,3426
6:11:12,4043
6:11:12,1594
6:11:12,4042
6:11:14,1621
6:11:15,2769
6:11:17,3198
6:11:18,3901
6:11:19,4425
6:11:20,4454
6:11:23,2787
6:11:24,3991
6:11:25,2668
6:11:25,3271
6:11:26,3723
6:11:28,4439
6:11:28,2777
6:11:29,4376
6:11:30,4304
6:11:31,4569
6:11:32,4405
6:11:32,1614
6:11:34,2283
6:11:34,4033
6:11:35,3256
6:11:37,4262
6:11:37,1456
6:11:38,1513
6:11:38,2100
6:11:39,4369
6:11:40,3900
6:11:45,2253
6:11:49,2533
6:11:51,1712
6:11:51,4243
6:11:51,3688
6:11:53,4335
6:11:57,2721
6:11:57,2718
6:11:57,2721
6:11:57,4021
6:11:58,3063
6:12:04,1499
6:12:05,1926
6:12:07,3333
6:12:09,2801
6:12:11,4505
6:12:12,4506
6:12:12,4490
6:12:13,3671
6:12:15,2845
6:12:15,2573
6:12:15,1938
6:12:16,2239
6:12:22,2854
6:12:23,1560
6:12:23,3230
6:12:23,4323
6:12:24,2795
6:12:26,4465
6:12:26,4399
6:12:27,4371
6:12:28,1676
6:12:29,3648
6:12:29,3221
6:12:29,3648
6:12:32,4089
6:12:35,4357
6:12:35,1547
6:12:35,4327
6:12:37,4227
6:12:38,2195
6:12:40,3343
6:12:40,4313
6:12:42,4408
6:12:49,4390
6:12:49,3914
6:12:49,4390
6:12:51,4184
6:12:51,2515
6:12:51,2763
6:12:51,3616
6:12:53,4185
6:12:58,2750
6:13:00,4164
6:13:04,4245
6:13:05,2253
6:13:07,3427
6:13:07,4335
6:13:08,3973
6:13:10,1453
6:13:12,2131
6:13:13,3003
6:13:13,4540
6:13:15,2030
6:13:16,3495
6:13:16,2430
6:13:17,4336
6:13:18,3755
6:13:18,1696
6:13:18,1696
6:13:19,3265
6:13:19,2968
6:13:20,2123
6:13:21,2124
6:13:21,3148
6:13:22,1770
6:13:24,4526
6:13:26,3281
6:13:26,4267
6:13:35,4418
6:13:36,3659
6:13:36,3024
6:13:36,3658
6:13:37,2635
6:13:38,4468
6:13:39,4401
6:13:39,2552
6:13:40,4018
6:13:42,2310
6:13:43,4208
6:13:46,1747
6:13:47,4277
6:13:49,1583
6:13:51,4358
6:13:53,4428
6:13:54,4552
6:13:57,2994
6:13:57,1943
6:13:58,2824
6:13:58,3112
6:14:00,4487
6:14:02,3016
6:14:04,1627
6:14:05,1728
6:14:05,4472
6:14:05,3872
6:14:06,3273
6:14:10,3843
6:14:18,3183
6:14:19,3647
6:14:21,2617
6:14:21,2893
6:14:22,1555
6:14:23,3274
6:14:24,4292
6:14:27,3414
6:14:28,1954
6:14:32,3493
6:14:32,3559
6:14:33,2139
6:14:33,2763
6:14:33,2325
6:14:38,4463
6:14:38,4564
6:14:40,3566
6:14:45,4345
6:14:46,3025
6:14:47,4412
6:14:49,3109
6:14:49,1640
6:14:51,3724
6:14:51,2020
6:14:52,4356
6:14:53,4132
6:14:55,2160
6:14:55,2422
6:14:55,4225
6:14:56,4452
6:14:56,4540
6:14:57,4051
6:14:57,4319
6:14:57,4050
6:14:57,4440
6:14:57,4550
6:14:58,3878
6:14:58,2338
6:15:00,3613
6:15:02,3756
6:15:02,1696
6:15:05,4554
6:15:08,4508
6:15:12,4407
6:15:12,4077
6:15:13,2733
6:15:17,4118
6:15:18,2786
6:15:19,2671
6:15:20,2001
6:15:20,1751
6:15:21,4549
6:15:21,2588
6:15:21,2269
6:15:22,4078
6:15:23,1520
6:15:24,2281
6:15:24,2157
6:15:25,4394
6:15:26,2830
6:15:26,3749
6:15:27,1981
6:15:29,3708
6:15:30,1470
6:15:30,1586
6:15:31,2775
6:15:31,4448
6:15:32,4477
6:15:35,4527
6:15:37,4504
6:15:39,2064
6:15:42,4336
6:15:42,2579
6:15:43,4359
6:15:44,1630
6:15:45,1938
6:15:50,1515
6:15:56,1805
6:15:56,1913
6:15:58,4120
6:15:58,4121
6:15:59,4120
6:16:00,2755
6:16:03,1664
6:16:03,2729
6:16:04,4556
6:16:04,4556
6:16:06,2161
6:16:07,4485
6:16:09,3584
6:16:09,3912
6:16:12,4429
6:16:14,2997
6:16:15,4153
6:16:19,1988
6:16:20,4452
6:16:20,4397
6:16:22,4298
6:16:25,3988
6:16:26,3042
6:16:26,2538
6:16:27,4441
6:16:27,1496
6:16:28,3693
6:16:28,3894
6:16:29,4557
6:16:31,3103
6:16:32,1615
6:16:33,3928
6:16:34,1478
6:16:35,3071
6:16:35,4000
6:16:37,2125
6:16:40,2355
6:16:43,4302
6:16:43,4427
6:16:43,3241
6:16:43,2222
6:16:45,2211
6:16:46,2400
6:16:48,4556
6:16:48,4192
6:16:49,1965
6:16:50,2153
6:16:52,4486
6:16:54,1946
6:16:55,3418
6:16:55,4005
6:17:00,4560
6:17:00,1588
6:17:01,2749
6:17:02,1918
6:17:03,2555
6:17:03,1475
6:17:04,3024
6:17:04,4560
6:17:05,2755
6:17:07,3472
6:17:08,4325
6:17:08,2355
6:17:10,3628
6:17:11,4558
6:17:12,3115
6:17:13,2978
6:17:14,3884
6:17:14,1600
6:17:15,3219
6:17:18,4055
6:17:18,4053
6:17:18,3684
6:17:20,4535
6:17:21,3056
6:17:21,1487
6:17:24,1704
6:17:25,4449
6:17:26,3524
6:17:28,2818
6:17:29,1953
6:17:29,3108
6:17:30,2604
6:17:30,4245
6:17:31,4342
6:17:32,1856
6:17:33,2476
6:17:38,1572
6:17:38,2291
6:17:38,4241
6:17:39,4393
6:17:39,2649
6:17:40,1488
6:17:41,3515
6:17:41,4030
6:17:41,3513
6:17:42,1609
6:17:43,2833
6:17:45,4491
6:17:48,3477
6:17:48,4357
6:17:48,2647
6:17:49,2808
6:17:51,4143
6:17:52,1603
6:17:52,2192
6:17:53,1686
6:17:53,4055
6:17:54,2984
6:17:55,4148
6:17:56,1802
6:17:56,1620
6:17:56,3585
6:17:56,2609
6:17:58,1576
6:17:59,2609
6:18:00,4292
6:18:01,1590
6:18:04,4365
6:18:05,1661
6:18:05,4394
6:18:05,3145
6:18:06,4400
6:18:06,1713
6:18:07,4401
6:18:07,4443
6:18:10,3593
6:18:11,4402
6:18:12,2533
6:18:13,2826
6:18:15,2321
6:18:17,1982
6:18:19,3269
6:18:19,2088
6:18:20,4569
6:18:24,3948
6:18:24,1759
6:18:24,4385
6:18:25,3713
6:18:27,3073
6:18:27,3363
6:18:27,3376
6:18:29,3638
6:18:30,4459
6:18:30,4241
6:18:31,4245
6:18:34,2444
6:18:40,2723
6:18:41,1930
6:18:41,3191
6:18:42,4568
6:18:43,4296
6:18:43,4569
6:18:44,1654
6:18:44,2314
6:18:45,4315
6:18:48,3891
6:18:51,3182
6:18:51,4418
6:18:52,4567
6:18:52,4443
6:18:52,4317
6:18:53,1612
6:19:00,4045
6:19:00,4436
6:19:00,2532
6:19:03,3111
6:19:04,2904
6:19:04,4548
6:19:07,1682
6:19:08,4493
6:19:09,2231
6:19:09,2710
6:19:12,4550
6:19:14,3004
6:19:17,3124
6:19:18,4440
6:19:21,1549
6:19:22,2796
6:19:24,1734
6:19:24,3839
6:19:27,2617
6:19:27,1609
6:19:28,1680
6:19:28,3625
6:19:30,4344
6:19:30,4372
6:19:30,3283
6:19:31,3291
6:19:31,1961
6:19:33,1615
6:19:35,2774
6:19:36,1489
6:19:37,4534
6:19:37,4227
6:19:39,2203
6:19:39,1724
6:19:40,4283
6:19:40,1870
6:19:41,4306
6:19:42,3080
6:19:43,4450
6:19:45,3244
6:19:46,2945
6:19:47,3736
6:19:51,3794
6:19:53,4267
6:19:56,2940
6:19:57,4510
6:19:57,1650
6:19:58,1629
6:20:00,1525
6:20:00,4544
6:20:00,4486
6:20:02,3792
6:20:06,3636
6:20:08,3566
6:20:10,4472
6:20:11,2736
6:20:16,2106
6:20:17,3475
6:20:17,2367
6:20:18,3921
6:20:18,1629
6:20:19,3132
6:20:20,1763
6:20:22,2389
6:20:27,1663
6:20:29,4536
6:20:30,2209
6:20:32,2664
6:20:33,4385
6:20:33,4060
6:20:35,2754
6:20:35,3688
6:20:37,4431
6:20:37,4393
6:20:38,2066
6:20:38,1662
6:20:39,3429
6:20:39,4447
6:20:39,2300
6:20:39,3050
6:20:39,4354
6:20:41,2311
6:20:42,3316
6:20:42,2195
6:20:44,3451
6:20:44,4395
6:20:45,1653
6:20:50,2518
6:20:50,3127
6:20:51,1563
6:20:52,3400
6:20:53,3391
6:20:54,4432
6:20:57,1612
6:21:00,3896
6:21:00,2301
6:21:00,3365
6:21:01,1892
6:21:03,3944
6:21:03,2298
6:21:04,4512
6:21:05,2664
6:21:07,4014
6:21:07,4424
6:21:07,3463
6:21:09,2573
6:21:09,4246
6:21:09,4527
6:21:10,4536
6:21:11,4371
6:21:11,4372
6:21:12,1943
6:21:12,1511
6:21:13,4341
6:21:14,4426
6:21:15,2330
6:21:15,2525
6:21:16,4377
6:21:17,2769
6:21:17,3612
6:21:18,2332
6:21:18,3581
6:21:18,3581
6:21:19,1707
6:21:20,2436
6:21:21,2935
6:21:22,2001
6:21:22,2002
6:21:24,2322
6:21:25,2277
6:21:26,1553
6:21:29,4479
6:21:31,2345
6:21:31,2615
6:21:31,4461
6:21:33,3826
6:21:35,2823
6:21:37,2325
6:21:39,3484
6:21:40,4274
6:21:40,4057
6:21:45,4120
6:21:47,3742
6:21:48,4215
6:21:49,1456
6:21:50,1652
6:21:51,1612
6:21:52,3255
6:21:53,1720
6:21:53,1716
6:21:55,2780
6:21:57,4515
6:21:57,2721
6:21:58,1724
6:21:58,3003
6:22:00,2387
6:22:00,2032
6:22:01,3090
6:22:01,3205
6:22:01,3270
6:22:01,2720
6:22:01,4519
6:22:02,4449
6:22:03,4427
6:22:06,4471
6:22:06,3113
6:22:06,2121
6:22:06,4459
6:22:08,1941
6:22:08,1495
6:22:09,4350
6:22:09,4424
6:22:10,4325
6:22:12,2195
6:22:13,3960
6:22:13,3829
6:22:14,2795
6:22:16,4187
6:22:18,1548
6:22:18,4212
6:22:19,3533
6:22:19,1627
6:22:20,4263
6:22:20,4261
6:22:22,2497
6:22:23,3823
6:22:27,1870
6:22:28,3281
6:22:30,1559
6:22:32,2981
6:22:32,4568
6:22:32,3945
6:22:32,2233
6:22:33,2510
6:22:35,4346
6:22:35,1756
6:22:35,4346
6:22:36,3648
6:22:39,3321
6:22:40,4330
6:22:42,4440
6:22:44,4416
6:22:45,4003
6:22:46,3978
6:22:46,1628
6:22:46,3910
6:22:48,1924
6:22:48,4445
6:22:49,1512
6:22:51,1513
6:22:56,3882
6:22:58,4409
6:23:00,1739
6:23:01,4465
6:23:01,1835
6:23:01,4222
6:23:03,2441
6:23:03,4315
6:23:03,1711
6:23:03,3926
6:23:06,2472
6:23:07,2465
6:23:08,1940
6:23:10,2704
6:23:13,3404
6:23:13,4464
6:23:15,3383
6:23:15,3696
6:23:15,4034
6:23:16,2711
6:23:16,1786
6:23:16,3373
6:23:16,1786
6:23:17,2480
6:23:17,2500
6:23:17,2480
6:23:18,4578
6:23:23,3414
6:23:23,4178
6:23:24,4038
6:23:25,2091
6:23:25,4527
6:23:26,4129
6:23:28,4531
6:23:29,4435
6:23:29,1930
6:23:29,1737
6:23:29,4435
6:23:32,1620
6:23:34,1502
6:23:34,4204
6:23:35,1625
6:23:35,1503
6:23:36,1512
6:23:37,2760
6:23:37,4494
6:23:44,2784
6:23:45,2019
6:23:46,4464
6:23:47,4496
6:23:48,3888
6:23:48,3468
6:23:49,4418
6:23:49,2378
6:23:49,3413
6:23:51,3134
6:23:51,1803
6:23:55,2529
6:23:56,4375
6:23:56,3704
6:23:57,4429
6:23:59,3003
6:23:59,1449
6:24:00,3723
6:24:03,2035
6:24:04,2063
6:24:05,3565
6:24:06,1936
6:24:06,1801
6:24:10,3491
6:24:10,2041
6:24:10,2495
6:24:15,4445
6:24:15,1624
6:24:17,4157
6:24:19,4098
6:24:20,1520
6:24:21,4531
6:24:22,1483
6:24:24,2836
6:24:24,3806
6:24:25,3727
6:24:27,4339
6:24:29,3808
6:24:33,3268
6:24:37,2226
6:24:38,3890
6:24:44,2499
6:24:44,4555
6:24:45,1597
6:24:47,2628
6:24:48,4529
6:24:49,1567
6:24:52,4103
6:24:52,4450
6:24:54,2251
6:24:56,2560
6:24:56,1454
6:24:57,3391
6:25:00,2905
6:25:00,3856
6:25:00,4075
6:25:00,3828
6:25:06,4408
6:25:06,2880
6:25:07,2941
6:25:11,2735
6:25:11,3384
6:25:13,4331
6:25:15,4267
6:25:15,2448
6:25:16,1879
6:25:17,3630
6:25:17,4402
6:25:17,4403
6:25:21,2320
6:25:21,3471
6:25:23,3914
6:25:25,3565
6:25:25,3339
6:25:25,1628
6:25:28,3652
6:25:28,4155
6:25:32,2009
6:25:33,2437
6:25:33,2369
6:25:36,3993
6:25:40,4571
6:25:42,2097
6:25:43,3510
6:25:43,1686
6:25:43,1540
6:25:44,1493
6:25:44,4124
6:25:51,4271
6:25:51,4214
6:25:52,4403
6:25:53,4373
6:25:54,3821
6:25:55,3009
6:25:56,2688
6:25:57,3514
6:25:58,1856
6:25:58,2479
6:25:58,1776
6:25:59,4559
6:26:00,4093
6:26:00,1651
6:26:00,2477
6:26:02,4217
6:26:02,2997
6:26:04,1987
6:26:06,2913
6:26:06,2914
6:26:07,4402
6:26:07,3312
6:26:09,3442
6:26:09,2184
6:26:11,2546
6:26:12,2853
6:26:13,3251
6:26:14,2954
6:26:18,2103
6:26:18,3543
6:26:20,2473
6:26:21,3922
6:26:21,1971
6:26:22,2233
6:26:24,3511
6:26:25,4368
6:26:28,1600
6:26:29,4169
6:26:33,4078
6:26:34,3350
6:26:35,2394
6:26:35,4262
6:26:35,2982
6:26:37,2983
6:26:40,3475
6:26:40,2780
6:26:41,3733
6:26:41,3982
6:26:43,2400
6:26:44,1602
6:26:45,4350
6:26:45,3123
6:26:45,2110
6:26:46,2245
6:26:47,1492
6:26:47,4357
6:26:47,4161
6:26:51,2265
6:26:52,4421
6:26:52,3883
6:26:52,4458
6:26:53,1524
6:26:54,4442
6:26:54,1937
6:26:55,1680
6:26:56,2446
6:26:57,1486
6:27:00,2420
6:27:05,3458
6:27:08,3891
6:27:10,1483
6:27:12,2023
6:27:13,3121
6:27:13,3120
6:27:13,2834
6:27:13,3122
6:27:18,4241
6:27:20,1905
6:27:22,1446
6:27:24,3833
6:27:29,2946
6:27:29,3819
6:27:30,3398
6:27:32,1660
6:27:32,3837
6:27:33,4343
6:27:36,3394
6:27:37,3883
6:27:39,4218
6:27:41,1509
6:27:43,1479
6:27:44,3080
6:27:44,1961
6:27:45,3472
6:27:47,2452
6:27:48,4254
6:27:51,4282
6:27:51,4257
6:27:57,3682
6:27:58,2296
6:27:58,1579
6:27:58,1799
6:27:58,4264
6:27:59,4466
6:28:00,3238
6:28:01,4145
6:28:05,1594
6:28:05,1969
6:28:05,2956
6:28:06,2616
6:28:06,1457
6:28:07,4469
6:28:08,3054
6:28:08,3185
6:28:09,1436
6:28:11,1604
6:28:12,2421
6:28:13,4332
6:28:14,3882
6:28:18,4489
6:28:18,2895
6:28:19,1603
6:28:20,2855
6:28:20,1612
6:28:21,2125
6:28:21,2270
6:28:22,2743
6:28:22,2214
6:28:22,1482
6:28:23,4268
6:28:26,3953
6:28:26,1647
6:28:26,3148
6:28:29,4471
6:28:29,4287
6:28:31,2612
6:28:31,1877
6:28:32,4166
6:28:33,1482
6:28:33,2746
6:28:35,2160
6:28:35,3978
6:28:35,2805
6:28:36,3853
6:28:38,4547
6:28:41,4396
6:28:45,4369
6:28:46,4421
6:28:46,1598
6:28:48,2203
6:28:50,3283
6:28:50,2771
6:28:51,4565
6:28:54,1643
6:28:54,1642
6:28:57,1638
6:28:59,2178
6:28:59,2819
6:29:00,2177
6:29:01,1687
6:29:04,1541
6:29:08,2181
6:29:10,4041
6:29:10,3233
6:29:10,1458
6:29:11,3174
6:29:12,4249
6:29:13,1618
6:29:13,4422
6:29:14,1594
6:29:15,1814
6:29:16,4336
6:29:19,2163
6:29:19,2945
6:29:21,4474
6:29:25,4431
6:29:26,3857
6:29:30,4194
6:29:34,3053
6:29:34,2015
6:29:35,3576
6:29:35,1633
6:29:36,2764
6:29:36,2070
6:29:36,2248
6:29:36,2255
6:29:36,2248
6:29:37,2679
6:29:42,1804
6:29:44,4537
6:29:44,1650
6:29:46,1476
6:29:48,2194
6:29:53,4569
6:29:53,4180
6:29:55,2516
6:29:56,3648
6:29:59,1501
6:29:59,2130
6:29:59,3181
6:30:02,4512
6:30:03,1496
6:30:04,4340
6:30:05,1626
6:30:05,3167
6:30:07,2705
6:30:07,3989
6:30:08,4220
6:30:08,3056
6:30:08,3041
6:30:08,4224
6:30:11,4551
6:30:12,3478
6:30:13,2864
6:30:15,3225
6:30:15,3707
6:30:20,3861
6:30:22,3007
6:30:25,2296
6:30:26,4444
6:30:27,3370
6:30:28,3726
6:30:29,3411
6:30:29,2176
6:30:31,4524
6:30:31,2151
6:30:32,3757
6:30:34,1486
6:30:34,4112
6:30:35,4249
6:30:35,1425
6:30:37,4209
6:30:40,2894
6:30:41,3032
6:30:43,4434
6:30:43,2957
6:30:45,4440
6:30:46,4152
6:30:52,1692
6:30:56,2759
6:30:57,2625
6:30:57,2196
6:30:58,4234
6:30:58,3246
6:30:59,4263
6:31:00,1707
6:31:00,4010
6:31:02,2863
6:31:02,2971
6:31:05,2674
6:31:05,2627
6:31:10,4451
6:31:10,1800
6:31:10,4247
6:31:11,4537
6:31:12,4398
6:31:16,1631
6:31:16,2755
6:31:20,3877
6:31:21,1593
6:31:27,2224
6:31:27,1626
6:31:28,2636
6:31:31,2193
6:31:33,1649
6:31:33,4519
6:31:34,4528
6:31:37,3931
6:31:38,3514
6:31:39,1508
6:31:40,3944
6:31:40,3926
6:31:42,3946
6:31:42,2473
6:31:43,2239
6:31:43,2936
6:31:44,4450
6:31:45,4145
6:31:45,3017
6:31:46,1699
6:31:46,4145
6:31:47,3393
6:31:47,3295
6:31:48,2668
6:31:48,1726
6:31:52,3088
6:31:54,4381
6:31:56,3275
6:31:57,4352
6:31:58,1658
6:31:59,2518
6:32:04,3759
6:32:04,3792
6:32:05,4565
6:32:08,4567
6:32:09,1826
6:32:10,2770
6:32:14,3790
6:32:15,2968
6:32:15,3836
6:32:16,4089
6:32:18,4231
6:32:19,2603
6:32:22,3141
6:32:22,4254
6:32:22,4559
6:32:23,4431
6:32:24,2181
6:32:24,4109
6:32:30,4093
6:32:30,3002
6:32:34,1497
6:32:34,2025
6:32:35,2122
6:32:37,2658
6:32:38,2148
6:32:40,2664
6:32:41,1590
6:32:42,4426
6:32:43,2095
6:32:45,1684
6:32:46,2479
6:32:46,4439
6:32:48,2610
6:32:48,2749
6:32:49,3122
6:32:49,4498
6:32:49,4558
6:32:53,2517
6:32:54,1637
6:32:54,3761
6:32:55,1486
6:32:55,1750
6:32:55,1550
6:32:57,3107
6:32:57,3718
6:32:58,1568
6:32:58,4364
6:32:58,4366
6:32:59,4364
6:32:59,3866
6:33:01,4178
6:33:03,2387
6:33:04,2450
6:33:05,2265
6:33:05,4504
6:33:05,2290
6:33:05,1601
6:33:06,1590
6:33:06,1578
6:33:10,4182
6:33:10,4181
6:33:12,1424
6:33:14,3144
6:33:15,4437
6:33:16,2376
6:33:16,4436
6:33:16,2375
6:33:17,2806
6:33:18,4197
6:33:19,4332
6:33:19,3378
6:33:21,2101
6:33:23,1743
6:33:24,4403
6:33:25,3910
6:33:26,2198
6:33:29,1736
6:33:29,2813
6:33:29,4547
6:33:33,3800
6:33:34,1427
6:33:34,1872
6:33:36,2792
6:33:36,3159
6:33:37,2266
6:33:41,2817
6:33:41,3265
6:33:43,2535
6:33:45,4446
6:33:46,1446
6:33:47,2293
6:33:52,2934
6:33:52,4462
6:33:52,4132
6:33:52,1551
6:33:54,1605
6:33:55,1849
6:33:55,1563
6:33:56,1608
6:33:57,1885
6:34:01,3164
6:34:01,3253
6:34:07,2950
6:34:08,4245
6:34:08,1862
6:34:08,3280
6:34:09,3522
6:34:10,4483
6:34:13,3926
6:34:14,4231
6:34:14,4031
6:34:14,4567
6:34:17,2031
6:34:17,2031
6:34:19,3743
6:34:19,3404
6:34:20,2860
6:34:20,2862
6:34:20,1631
6:34:21,4274
6:34:21,2531
6:34:26,3161
6:34:27,2469
6:34:27,1965
6:34:29,4255
6:34:29,1615
6:34:31,2730
6:34:31,4315
6:34:32,3800
6:34:33,1923
6:34:34,1732
6:34:34,1478
6:34:35,2947
6:34:41,2958
6:34:42,1493
6:34:42,3949
6:34:44,1759
6:34:45,1512
6:34:45,1992
6:34:46,4536
6:34:47,1461
6:34:48,3634
6:34:49,1472
6:34:49,4438
6:34:50,4451
6:34:51,4454
6:34:51,3261
6:34:52,2149
6:34:53,2271
6:34:53,1834
6:34:55,2635
6:34:55,1454
6:34:55,2207
6:34:56,3775
6:34:57,1985
6:34:58,2020
6:34:58,4083
6:34:58,1535
6:34:59,1604
6:35:00,2444
6:35:04,3043
6:35:08,4498
6:35:09,2593
6:35:11,4441
6:35:11,1603
6:35:13,3400
6:35:17,1853
6:35:18,1495
6:35:19,4206
6:35:20,4350
6:35:20,4350
6:35:21,4170
6:35:21,2552
6:35:22,1963
6:35:25,4290
6:35:26,1593
6:35:28,1997
6:35:31,1801
6:35:35,4252
6:35:36,2926
6:35:39,2685
6:35:42,4550
6:35:42,2904
6:35:42,4134
6:35:44,2465
6:35:46,1603
6:35:46,2410
6:35:46,1590
6:35:46,1616
6:35:47,3342
6:35:52,2194
6:35:53,4086
6:35:53,3053
6:35:58,2990
6:35:58,3074
6:36:00,2791
6:36:01,1477
6:36:05,1493
6:36:05,2400
6:36:09,4343
6:36:10,3500
6:36:12,4447
6:36:12,2012
6:36:13,4380
6:36:13,3104
6:36:16,2639
6:36:16,3853
6:36:16,3855
6:36:18,4294
6:36:23,4304
6:36:23,4303
6:36:28,4567
6:36:28,3834
6:36:29,1470
6:36:29,2364
6:36:29,2872
6:36:30,2938
6:36:31,2280
6:36:31,2442
6:36:31,1491
6:36:33,4398
6:36:34,4071
6:36:34,1737
6:36:34,4135
6:36:35,2322
6:36:39,4102
6:36:40,2069
6:36:46,1700
6:36:48,2912
6:36:51,1651
6:36:54,2357
6:36:56,4062
6:37:00,4554
6:37:01,3494
6:37:02,2454
6:37:08,4269
6:37:10,1501
6:37:11,1597
6:37:12,1970
6:37:14,4076
6:37:17,2214
6:37:18,2637
6:37:18,2637
6:37:19,2305
6:37:19,4401
6:37:20,2810
6:37:21,3181
6:37:21,2790
6:37:21,4377
6:37:23,4187
6:37:23,2643
6:37:24,4483
6:37:26,4260
6:37:27,3086
6:37:27,1583
6:37:30,4116
6:37:30,3877
6:37:34,3121
6:37:36,4411
6:37:37,3640
6:37:38,2542
6:37:40,2275
6:37:40,4565
6:37:41,3949
6:37:41,4067
6:37:43,1444
6:37:43,1839
6:37:44,2881
6:37:44,4541
6:37:47,2980
6:37:48,3046
6:37:52,2533
6:37:53,2991
6:37:54,3654
6:37:54,4186
6:37:56,4398
6:38:00,3579
6:38:01,3480
6:38:01,4336
6:38:02,4338
6:38:02,2787
6:38:03,1490
6:38:03,4096
6:38:05,3009
6:38:07,3430
6:38:07,4487
6:38:08,3882
6:38:09,1483
6:38:12,4519
6:38:12,2974
6:38:12,3270
6:38:12,4331
6:38:13,3729
6:38:14,4569
6:38:15,4107
6:38:16,3756
6:38:16,2689
6:38:17,1896
6:38:17,3108
6:38:19,4308
6:38:20,4488
6:38:23,2210
6:38:23,3259
6:38:25,1846
6:38:26,1446
6:38:27,1520
6:38:30,1542
6:38:31,3944
6:38:32,2899
6:38:32,3924
6:38:32,4426
6:38:36,2685
6:38:36,3397
6:38:36,1642
6:38:38,4353
6:38:39,3129
6:38:39,4191
6:38:40,3003
6:38:41,3243
6:38:41,3405
6:38:44,2486
6:38:45,3632
6:38:45,2620
6:38:47,3772
6:38:47,3123
6:38:47,2922
6:38:49,3196
6:38:49,1488
6:38:51,1954
6:38:52,3222
6:38:53,4372
6:38:55,4445
6:39:03,2022
6:39:05,1890
6:39:06,4449
6:39:07,2202
6:39:07,3418
6:39:07,2813
6:39:13,3751
6:39:14,2122
6:39:16,2616
6:39:18,2112
6:39:18,2112
6:39:19,4549
6:39:20,4443
6:39:24,1490
6:39:28,3451
6:39:28,2069
6:39:28,4486
6:39:30,4370
6:39:34,3692
6:39:35,3895
6:39:35,2152
6:39:38,2836
6:39:38,2834
6:39:39,2838
6:39:39,2839
6:39:40,2842
6:39:40,1601
6:39:41,3014
6:39:44,3349
6:39:47,2408
6:39:47,2736
6:39:48,1957
6:39:50,1787
6:39:52,3321
6:39:52,4448
6:39:52,2208
6:39:53,2214
6:39:53,4382
6:39:55,1605
6:39:55,4422
6:39:56,1937
6:39:58,3785
6:40:00,2004
6:40:01,1796
6:40:02,4278
6:40:03,3807
6:40:04,3078
6:40:05,2968
6:40:07,3343
6:40:08,1688
6:40:09,1496
6:40:12,3480
6:40:13,1962
6:40:18,2569
6:40:18,2328
6:40:22,3354
6:40:23,1993
6:40:24,4222
6:40:27,2842
6:40:28,3029
6:40:29,3493
6:40:32,1956
6:40:32,1442
6:40:32,3907
6:40:32,1612
6:40:33,1543
6:40:33,3934
6:40:35,3227
6:40:36,3396
6:40:36,3911
6:40:37,4112
6:40:38,4161
6:40:39,4401
6:40:42,2315
6:40:43,1600
6:40:44,2429
6:40:45,3149
6:40:46,3712
6:40:46,1591
6:40:48,3145
6:40:50,2977
6:40:51,3086
6:40:51,4515
6:40:51,3935
6:40:52,3046
6:40:52,2545
6:40:55,2988
6:40:57,4503
6:40:57,3429
6:41:00,2920
6:41:00,2923
6:41:00,2919
6:41:02,2235
6:41:02,4303
6:41:06,3037
6:41:07,2354
6:41:07,4491
6:41:08,3109
6:41:10,4074
6:41:11,4422
6:41:16,4340
6:41:16,1491
6:41:17,4440
6:41:18,4012
6:41:18,4012
6:41:21,1507
6:41:22,3953
6:41:22,3956
6:41:23,3650
6:41:25,3455
6:41:25,3946
6:41:27,3944
6:41:28,3002
6:41:29,2747
6:41:31,4417
6:41:34,1888
6:41:36,1474
6:41:37,4476
6:41:40,1904
6:41:41,4469
6:41:42,3553
6:41:45,2062
6:41:45,1953
6:41:46,3200
6:41:47,4035
6:41:48,3369
6:41:51,1474
6:41:51,1483
6:41:52,4513
6:41:54,1630
6:41:54,2199
6:41:54,1705
6:41:54,4119
6:41:54,1631
6:41:55,3126
6:41:56,1796
6:41:58,2539
6:41:59,1792
6:41:59,2257
6:41:59,2437
6:41:59,4419
6:42:01,4353
6:42:01,3279
6:42:03,4169
6:42:04,3309
6:42:05,4321
6:42:07,2960
6:42:10,4150
6:42:12,3065
6:42:13,4234
6:42:13,1546
6:42:14,3899
6:42:14,3412
6:42:17,1492
6:42:19,2029
6:42:20,2028
6:42:20,1439
6:42:22,2532
6:42:22,2125
6:42:22,4404
6:42:25,2761
6:42:27,1888
6:42:29,3398
6:42:30,2775
6:42:30,4414
6:42:31,2427
6:42:32,4433
6:42:32,3999
6:42:35,1844
6:42:35,4427
6:42:35,2845
6:42:36,2450
6:42:37,2124
6:42:39,2954
6:42:40,4492
6:42:41,1485
6:42:41,1604
6:42:43,3870
6:42:44,4477
6:42:45,1888
6:42:46,1601
6:42:48,1472
6:42:49,4443
6:42:49,2027
6:42:51,3000
6:42:51,3000
6:42:54,3133
6:42:55,4166
6:42:55,2539
6:42:56,4441
6:42:57,4037
6:42:58,2189
6:42:59,1588
6:43:01,1599
6:43:01,3261
6:43:04,3110
6:43:06,3944
6:43:06,3164
6:43:07,1852
6:43:08,2152
6:43:08,4544
6:43:13,2169
6:43:13,2175
6:43:13,2156
6:43:13,2953
6:43:14,2103
6:43:18,4018
6:43:20,3101
6:43:21,1488
6:43:25,1834
6:43:25,1582
6:43:26,3025
6:43:28,1761
6:43:28,2913
6:43:28,1761
6:43:29,3474
6:43:31,1498
6:43:31,1794
6:43:31,3043
6:43:32,3320
6:43:34,2762
6:43:35,4539
6:43:35,2653
6:43:35,2658
6:43:38,1451
6:43:38,2511
6:43:42,4365
6:43:43,2499
6:43:47,4358
6:43:49,3882
6:43:51,4555
6:43:51,4349
6:43:52,4307
6:43:53,3262
6:43:56,2595
6:43:57,3394
6:43:59,1817
6:44:01,3697
6:44:01,3775
6:44:01,2268
6:44:03,1864
6:44:04,2261
6:44:05,4382
6:44:05,3758
6:44:05,3889
6:44:06,4371
6:44:09,1558
6:44:09,4333
6:44:10,4396
6:44:11,3634
6:44:11,4410
6:44:13,4245
6:44:14,1486
6:44:18,3014
6:44:20,1862
6:44:21,4485
6:44:22,4470
6:44:26,3757
6:44:27,4492
6:44:32,2386
6:44:33,2935
6:44:33,2264
6:44:33,1662
6:44:34,4360
6:44:36,4479
6:44:37,3986
6:44:38,3965
6:44:38,4514
6:44:41,4187
6:44:42,4514
6:44:42,4509
6:44:42,3737
6:44:48,2940
6:44:50,4385
6:44:50,4382
6:44:53,2080
6:44:53,2693
6:44:53,1675
6:44:53,3372
6:44:54,2988
6:44:55,1449
6:44:55,3918
6:44:57,4462
6:44:58,3847
6:44:59,4553
6:45:01,4554
6:45:03,2382
6:45:04,4067
6:45:06,1892
6:45:07,3882
6:45:08,3313
6:45:08,4567
6:45:09,3126
6:45:10,3031
6:45:11,3851
6:45:12,4228
6:45:12,1462
6:45:13,1902
6:45:13,1494
6:45:16,3708
6:45:17,3508
6:45:17,2991
6:45:18,4553
6:45:22,3531
6:45:23,4356
6:45:24,2103
6:45:26,2290
6:45:26,3050
6:45:28,2905
6:45:28,3571
6:45:31,3939
6:45:33,3307
6:45:33,4422
6:45:34,3121
6:45:35,4128
6:45:38,3173
6:45:40,2749
6:45:40,2602
6:45:41,4452
6:45:44,3891
6:45:45,2955
6:45:47,1567
6:45:48,3070
6:45:49,3643
6:45:50,2461
6:45:50,1934
6:45:50,4535
6:45:53,3592
6:45:54,2381
6:45:56,2815
6:45:56,4334
6:45:58,2777
6:46:00,3375
6:46:00,1634
6:46:02,2417
6:46:03,1905
6:46:04,1579
6:46:05,3856
6:46:06,4389
6:46:06,3947
6:46:07,1657
6:46:07,4522
6:46:11,4324
6:46:12,4461
6:46:13,2474
6:46:14,4450
6:46:15,1505
6:46:16,4239
6:46:16,4461
6:46:17,2123
6:46:21,4441
6:46:21,4348
6:46:23,4445
6:46:27,4480
6:46:29,2052
6:46:33,2661
6:46:34,4094
6:46:35,3643
6:46:37,3037
6:46:37,3949
6:46:38,3536
6:46:39,3422
6:46:43,2982
6:46:44,3878
6:46:46,1588
6:46:47,1474
6:46:48,1927
6:46:51,4432
6:46:52,4407
6:46:56,4232
6:46:57,4442
6:46:58,4250
6:47:01,2944
6:47:01,3653
6:47:03,2955
6:47:06,1955
6:47:07,1457
6:47:07,1549
6:47:10,2300
6:47:19,3462
6:47:19,4187
6:47:22,2262
6:47:22,1962
6:47:22,4086
6:47:22,2573
6:47:23,2259
6:47:23,2263
6:47:24,2267
6:47:26,3552
6:47:26,1851
6:47:29,2790
6:47:32,2920
6:47:32,2674
6:47:32,2779
6:47:34,3112
6:47:34,3110
6:47:35,3625
6:47:38,3840
6:47:41,2469
6:47:42,3434
6:47:42,1608
6:47:42,1669
6:47:43,2813
6:47:44,3520
6:47:46,1999
6:47:47,2909
6:47:48,4507
6:47:48,2017
6:47:49,3585
6:47:52,4397
6:47:52,2414
6:47:56,4362
6:48:02,1597
6:48:02,1899
6:48:03,3498
6:48:03,4331
6:48:04,2909
6:48:11,1853
6:48:13,3190
6:48:14,2695
6:48:15,4395
6:48:16,4458
6:48:20,2454
6:48:20,2624
6:48:21,2475
6:48:23,3744
6:48:23,3496
6:48:24,3951
6:48:24,2116
6:48:29,4014
6:48:30,3479
6:48:31,2253
6:48:34,4431
6:48:34,2213
6:48:34,4430
6:48:36,3958
6:48:36,2621
6:48:36,4099
6:48:37,1736
6:48:40,3094
6:48:41,4007
6:48:41,1482
6:48:43,4211
6:48:43,1762
6:48:43,3432
6:48:45,3128
6:48:46,4441
6:48:48,4053
6:48:48,3054
6:48:50,3119
6:48:50,1587
6:48:50,3581
6:48:51,4174
6:48:51,3146
6:48:51,2871
6:48:52,4514
6:48:53,3146
6:48:56,1594
6:48:57,1890
6:48:58,3034
6:49:04,4020
6:49:11,4195
6:49:12,3199
6:49:12,4249
6:49:15,4160
6:49:16,2840
6:49:16,3438
6:49:19,2849
6:49:20,2755
6:49:22,4336
6:49:22,2944
6:49:23,1790
6:49:23,4407
6:49:24,2587
6:49:29,1599
6:49:31,4215
6:49:31,2643
6:49:31,4376
6:49:34,4392
6:49:35,4429
6:49:37,3935
6:49:39,3468
6:49:40,1643
6:49:40,3410
6:49:42,1731
6:49:44,3193
6:49:44,3195
6:49:46,3212
6:49:46,1883
6:49:47,1594
6:49:51,4336
6:49:51,2040
6:49:55,4262
6:49:57,3389
6:49:58,4205
6:50:01,3900
6:50:02,3225
6:50:03,4314
6:50:04,4529
6:50:08,1599
6:50:09,2905
6:50:13,2458
6:50:13,4433
6:50:13,3447
6:50:16,3679
6:50:19,4538
6:50:24,3676
6:50:27,2427
6:50:28,4385
6:50:29,4262
6:50:29,1849
6:50:30,2374
6:50:31,4091
6:50:34,2676
6:50:38,3162
6:50:38,1661
6:50:38,2075
6:50:38,2028
6:50:40,4441
6:50:43,2049
6:50:45,4313
6:50:45,3142
6:50:46,2425
6:50:47,1631
6:50:49,3163
6:50:50,1508
6:50:52,3645
6:50:52,1495
6:50:53,2851
6:50:53,3703
6:50:55,2862
6:50:57,3143
6:50:58,2168
6:50:59,1970
6:51:00,2653
6:51:00,2734
6:51:02,4544
6:51:06,2196
6:51:06,4432
6:51:11,3101
6:51:11,1501
6:51:11,4427
6:51:12,3394
6:51:12,3106
6:51:12,4480
6:51:20,4346
6:51:20,1807
6:51:23,3051
6:51:23,4557
6:51:23,4571
6:51:23,2784
6:51:24,4033
6:51:25,1575
6:51:25,3471
6:51:25,1447
6:51:29,2985
6:51:30,3164
6:51:30,3571
6:51:31,2452
6:51:32,4254
6:51:32,4255
6:51:33,4436
6:51:33,1459
6:51:33,3299
6:51:36,2992
6:51:37,4309
6:51:37,2198
6:51:38,2067
6:51:40,3709
6:51:44,2682
6:51:44,2681
6:51:44,1662
6:51:45,2078
6:51:45,4560
6:51:47,1615
6:51:48,2977
6:51:50,1596
6:51:50,1602
6:51:51,4053
6:51:52,3484
6:51:53,2064
6:51:54,2006
6:51:55,3544
6:52:00,3053
6:52:01,3945
6:52:03,2142
6:52:04,2807
6:52:05,2763
6:52:06,3281
6:52:07,4526
6:52:09,2520
6:52:15,4441
6:52:17,1641
6:52:17,2210
6:52:20,4473
6:52:24,2323
6:52:27,1845
6:52:28,2547
6:52:29,4377
6:52:30,1491
6:52:31,4469
6:52:32,3175
6:52:33,3060
6:52:34,4369
6:52:34,3294
6:52:36,4318
6:52:40,1845
6:52:41,2545
6:52:42,4059
6:52:42,4347
6:52:44,2501
6:52:45,2432
6:52:45,2766
6:52:45,3200
6:52:46,3598
6:52:46,2073
6:52:48,2787
6:52:48,2441
6:52:49,1554
6:52:52,4557
6:52:52,2507
6:52:53,1602
6:52:54,3755
6:52:56,1502
6:52:58,4541
6:52:59,4546
6:53:01,4296
6:53:07,2130
6:53:07,2125
6:53:08,1681
6:53:11,4372
6:53:11,3332
6:53:13,4478
6:53:14,4487
6:53:15,3881
6:53:17,4309
6:53:17,3126
6:53:19,2192
6:53:21,4567
6:53:22,4174
6:53:22,2532
6:53:25,3720
6:53:27,2992
6:53:28,2570
6:53:29,3409
6:53:30,3234
6:53:33,3967
6:53:34,2276
6:53:34,3068
6:53:35,3882
6:53:37,2908
6:53:38,2742
6:53:38,3483
6:53:40,2799
6:53:41,1600
6:53:42,1669
6:53:42,3881
6:53:44,2332
6:53:45,1601
6:53:46,2091
6:53:46,1489
6:53:49,3566
6:53:49,2438
6:53:49,2439
6:53:51,2626
6:53:51,1603
6:53:52,3261
6:53:54,2900
6:53:55,3860
6:53:56,3577
6:53:57,3321
6:54:03,4419
6:54:03,1786
6:54:05,4343
6:54:06,4128
6:54:07,3969
6:54:09,2160
6:54:11,2191
6:54:11,4254
6:54:11,3894
6:54:12,1598
6:54:16,4424
6:54:16,1632
6:54:18,2965
6:54:20,2252
6:54:20,1939
6:54:21,4149
6:54:21,4249
6:54:21,4426
6:54:21,4458
6:54:25,3610
6:54:25,1595
6:54:27,3870
6:54:28,1668
6:54:28,3506
6:54:29,3669
6:54:29,2006
6:54:29,2453
6:54:30,1926
6:54:34,3021
6:54:36,4037
6:54:40,4440
6:54:40,2085
6:54:41,2617
6:54:42,3623
6:54:46,2225
6:54:46,2225
6:54:49,2142
6:54:49,4144
6:54:50,3873
6:54:55,4443
6:55:01,3199
6:55:05,4422
6:55:05,4422
6:55:06,4424
6:55:06,4423
6:55:06,4422
6:55:07,1500
6:55:07,1698
6:55:08,1621
6:55:13,3448
6:55:14,3503
6:55:16,4251
6:55:17,2745
6:55:17,2213
6:55:20,3025
6:55:21,4433
6:55:21,4433
6:55:22,4432
6:55:22,4466
6:55:22,4431
6:55:24,2149
6:55:26,2178
6:55:29,1433
6:55:30,4394
6:55:32,3346
6:55:34,1622
6:55:34,1490
6:55:34,2983
6:55:38,1482
6:55:41,4527
6:55:43,1906
6:55:44,1501
6:55:45,2410
6:55:46,2978
6:55:48,3321
6:55:48,1624
6:55:50,2222
6:55:51,4405
6:55:52,1911
6:55:53,3725
6:55:53,1806
6:55:54,3014
6:55:54,1482
6:55:58,3950
6:55:58,1659
6:55:59,1692
6:56:00,2883
6:56:00,4353
6:56:00,3486
6:56:01,3868
6:56:01,4353
6:56:06,3712
6:56:06,1586
6:56:07,3826
6:56:10,1762
6:56:10,3883
6:56:11,1582
6:56:11,2645
6:56:11,4255
6:56:12,2202
6:56:14,2573
6:56:15,1563
6:56:19,3588
6:56:22,3249
6:56:24,1471
6:56:27,4481
6:56:28,4488
6:56:29,3918
6:56:30,3106
6:56:30,1543
6:56:33,4121
6:56:33,4170
6:56:33,2067
6:56:36,2410
6:56:41,4060
6:56:41,4327
6:56:41,1627
6:56:44,3343
6:56:46,1622
6:56:46,1423
6:56:47,3374
6:56:48,2438
6:56:49,2023
6:56:49,2023
6:56:51,2538
6:56:55,2015
6:56:58,2266
6:56:59,3029
6:56:59,3714
6:57:00,3680
6:57:02,2243
6:57:03,4567
6:57:06,3120
6:57:07,3838
6:57:07,4411
6:57:12,2314
6:57:14,4470
6:57:14,2345
6:57:14,2909
6:57:14,2678
6:57:15,4110
6:57:15,1588
6:57:16,1571
6:57:16,2337
6:57:17,4357
6:57:17,1621
6:57:19,3814
6:57:19,4551
6:57:21,2165
6:57:21,2167
6:57:22,1601
6:57:22,3952
6:57:23,1829
6:57:23,1831
6:57:23,4408
6:57:23,1829
6:57:24,2619
6:57:25,3113
6:57:29,3530
6:57:29,1497
6:57:31,3983
6:57:31,1839
6:57:37,3651
6:57:37,1495
6:57:38,1614
6:57:41,4394
6:57:43,4406
6:57:44,4447
6:57:45,4440
6:57:45,4219
6:57:47,4450
6:57:47,1782
6:57:47,4226
6:57:48,4105
6:57:50,3573
6:57:51,4194
6:57:52,4468
6:57:52,1935
6:57:57,3974
6:57:58,4173
6:57:58,3759
6:57:58,2191
6:57:59,4192
6:58:00,1616
6:58:01,3021
6:58:02,3804
6:58:03,3544
6:58:04,1602
6:58:05,1529
6:58:06,3332
6:58:06,3148
6:58:08,2486
6:58:08,2484
6:58:10,2401
6:58:10,2766
6:58:11,3782
6:58:11,3042
6:58:12,1538
6:58:12,3486
6:58:15,1491
6:58:21,2314
6:58:22,3403
6:58:23,3260
6:58:23,3404
6:58:25,3199
6:58:26,2880
6:58:26,1688
6:58:28,3242
6:58:28,3788
6:58:28,1592
6:58:32,1688
6:58:32,2710
6:58:32,4457
6:58:32,2193
6:58:33,3489
6:58:35,2107
6:58:37,2210
6:58:37,4348
6:58:37,4355
6:58:38,4348
6:58:38,3278
6:58:40,3410
6:58:41,4350
6:58:42,3906
6:58:44,3439
6:58:44,1909
6:58:44,3438
6:58:46,4516
6:58:47,4206
6:58:47,1610
6:58:48,4475
6:58:48,4432
6:58:49,1593
6:58:53,1600
6:58:56,3251
6:58:57,4458
6:58:57,2294
6:58:59,4334
6:58:59,4546
6:58:59,2845
6:59:00,2667
6:59:03,3083
6:59:03,1654
6:59:05,4441
6:59:05,2908
6:59:07,2450
6:59:08,2145
6:59:09,3155
6:59:09,3473
6:59:09,3097
6:59:10,4377
6:59:11,2659
6:59:13,1775
6:59:16,3404
6:59:16,1486
6:59:18,3057
6:59:19,4529
6:59:19,4322
6:59:19,4530
6:59:19,2779
6:59:23,4384
6:59:25,2034
6:59:28,4111
6:59:30,1601
6:59:31,4470
6:59:31,2948
6:59:32,4386
6:59:32,1822
6:59:33,4317
6:59:33,3508
6:59:34,4448
6:59:38,4570
6:59:41,3097
6:59:44,4207
6:59:44,3114
6:59:44,4097
6:59:45,2066
6:59:46,1542
6:59:46,1544
6:59:46,1903
6:59:49,4051
6:59:50,3448
6:59:51,4475
6:59:51,1599
6:59:52,2092
6:59:55,1997
6:59:56,1487
6:59:56,4359
6:59:57,3862
6:59:59,4431
7:00:05,3799
7:00:05,4457
7:00:06,2660
7:00:09,2916
7:00:10,4100
7:00:11,4322
7:00:11,4066
7:00:12,3887
7:00:12,4336
7:00:13,1829
7:00:14,1632
7:00:16,1502
7:00:19,4022
7:00:19,1745
7:00:19,4398
7:00:21,2300
7:00:22,2779
7:00:23,3835
7:00:23,2552
7:00:24,4440
7:00:25,3209
7:00:26,1653
7:00:26,1570
7:00:27,1502
7:00:29,4400
7:00:29,2736
7:00:30,4460
7:00:35,4517
7:00:37,3126
7:00:37,2985
7:00:38,2654
7:00:39,2257
7:00:40,4116
7:00:41,4362
7:00:42,2111
7:00:45,4447
7:00:45,3871
7:00:47,4370
7:00:47,4373
7:00:47,4436
7:00:48,3611
7:00:49,1866
7:00:50,4546
7:00:52,3759
7:00:52,2380
7:00:55,4164
7:00:55,3613
7:00:55,2641
7:00:55,4107
7:00:56,2758
7:00:56,1752
7:00:57,3608
7:01:02,2561
7:01:02,2869
7:01:02,1995
7:01:03,4205
7:01:05,4383
7:01:05,3527
7:01:05,3961
7:01:08,3551
7:01:09,2194
7:01:12,1572
7:01:13,4539
7:01:14,2262
7:01:18,2827
7:01:21,3543
7:01:22,4469
7:01:23,4253
7:01:27,3470
7:01:27,3469
7:01:28,1485
7:01:29,1630
7:01:29,2997
7:01:29,2995
7:01:30,3117
7:01:31,3097
7:01:31,3120
7:01:31,3626
7:01:33,2392
7:01:33,3111
7:01:33,2390
7:01:33,1953
7:01:33,3112
7:01:35,3111
7:01:35,1491
7:01:37,3540
7:01:38,4000
7:01:40,2091
7:01:43,4303
7:01:44,4489
7:01:45,2048
7:01:48,2144
7:01:48,1891
7:01:49,2236
7:01:50,1563
7:01:50,2442
7:01:51,1553
7:01:52,3193
7:01:52,4065
7:01:54,1880
7:01:54,2272
7:01:54,3821
7:01:55,1452
7:01:56,4389
7:01:57,1616
7:01:58,3918
7:01:59,3899
7:02:01,3196
7:02:01,1938
7:02:04,3094
7:02:05,4519
7:02:08,4284
7:02:08,2617
7:02:10,4347
7:02:14,2210
7:02:14,2200
7:02:17,2872
7:02:19,4312
7:02:19,4030
7:02:19,4314
7:02:20,3804
7:02:20,1440
7:02:20,4311
7:02:23,4317
7:02:23,2427
7:02:24,3158
7:02:24,2751
7:02:24,4444
7:02:24,2425
7:02:25,4157
7:02:26,3030
7:02:27,4390
7:02:28,4410
7:02:31,1482
7:02:31,4541
7:02:33,2827
7:02:34,2416
7:02:35,2724
7:02:35,2637
7:02:37,2167
7:02:39,2707
7:02:39,4175
7:02:40,1681
7:02:41,4394
7:02:41,2856
7:02:43,1639
7:02:45,1610
7:02:45,4435
7:02:46,3803
7:02:46,2128
7:02:46,2842
7:02:49,2744
7:02:49,1827
7:02:51,2007
7:02:52,2178
7:02:53,2856
7:02:54,2624
7:02:56,2255
7:02:56,4395
7:02:56,3510
7:02:57,1700
7:02:57,2018
7:02:58,2855
7:02:59,1499
7:02:59,2195
7:03:01,2911
7:03:01,2066
7:03:02,2810
7:03:03,3664
7:03:07,4445
7:03:08,1990
7:03:09,1633
7:03:09,1490
7:03:10,4378
7:03:11,3524
7:03:13,1771
7:03:14,4472
7:03:15,2742
7:03:16,2206
7:03:18,4569
7:03:18,1484
7:03:18,4569
7:03:21,3263
7:03:22,2149
7:03:22,4431
7:03:24,3938
7:03:24,3388
7:03:27,4102
7:03:29,4400
7:03:29,1710
7:03:32,4426
7:03:32,1606
7:03:34,3742
7:03:35,2304
7:03:35,3918
7:03:36,1765
7:03:37,1531
7:03:38,1870
7:03:38,4528
7:03:38,2121
7:03:40,3061
7:03:40,4230
7:03:45,1904
7:03:47,3031
7:03:47,3219
7:03:49,2573
7:03:51,3452
7:03:51,1806
7:03:51,4330
7:03:53,2923
7:03:54,4069
7:03:55,2198
7:03:55,1863
7:03:55,1704
7:03:56,3476
7:03:58,1627
7:04:01,2159
7:04:01,1599
7:04:02,3628
7:04:03,3392
7:04:04,2083
7:04:04,1723
7:04:05,2788
7:04:06,4045
7:04:08,4436
7:04:09,4469
7:04:09,3052
7:04:10,2132
7:04:12,4551
7:04:15,4501
7:04:17,4346
7:04:17,3702
7:04:19,4514
7:04:20,4506
7:04:21,2297
7:04:23,1800
7:04:24,2505
7:04:24,2504
7:04:25,3794
7:04:26,2200
7:04:26,4365
7:04:27,3588
7:04:27,2923
7:04:28,1508
7:04:29,3110
7:04:31,1563
7:04:33,3425
7:04:34,3432
7:04:35,4047
7:04:35,3806
7:04:37,3731
7:04:37,4158
7:04:39,3638
7:04:40,4449
7:04:40,3637
7:04:41,4089
7:04:41,3640
7:04:42,1522
7:04:44,1631
7:04:46,4477
7:04:47,2718
7:04:48,3328
7:04:51,3751
7:04:51,2032
7:04:52,4322
7:04:54,1865
7:04:54,2487
7:04:55,1957
7:04:55,4456
7:05:01,4336
7:05:04,3573
7:05:04,4184
7:05:05,3174
7:05:06,2883
7:05:06,3954
7:05:07,3596
7:05:09,4552
7:05:10,3404
7:05:13,1796
7:05:13,3206
7:05:13,1796
7:05:13,3435
7:05:14,4243
7:05:15,3163
7:05:15,1492
7:05:15,3160
7:05:16,3025
7:05:19,2661
7:05:21,4441
7:05:26,3625
7:05:26,3553
7:05:27,4391
7:05:30,4430
7:05:36,2085
7:05:36,2573
7:05:36,2573
7:05:39,3222
7:05:39,3222
7:05:44,4411
7:05:44,1603
7:05:44,3184
7:05:46,1518
7:05:48,1611
7:05:48,1778
7:05:48,4158
7:05:51,2339
7:05:54,4441
7:05:54,4441
7:05:55,4561
7:05:57,3578
7:05:58,3752
7:05:59,2825
7:06:04,4432
7:06:05,1792
7:06:09,2365
7:06:11,2171
7:06:13,2182
7:06:16,1618
7:06:17,3207
7:06:18,3317
7:06:18,3897
7:06:20,3369
7:06:24,2696
7:06:26,4562
7:06:27,4473
7:06:28,3422
7:06:29,2276
7:06:29,3761
7:06:33,2194
7:06:35,1981
7:06:36,4139
7:06:37,2348
7:06:39,4536
7:06:39,2112
7:06:40,3837
7:06:40,3821
7:06:43,1687
7:06:43,2759
7:06:45,3131
7:06:47,3543
7:06:49,4477
7:06:50,4266
7:06:55,3881
7:06:57,3838
7:06:57,4122
7:06:58,3941
7:07:01,1583
7:07:02,2085
7:07:03,3026
7:07:04,3964
7:07:06,2838
7:07:09,1494
7:07:10,1488
7:07:12,3876
7:07:13,3531
7:07:14,1781
7:07:14,2776
7:07:17,1899
7:07:18,3440
7:07:18,1813
7:07:18,4263
7:07:19,3516
7:07:22,1980
7:07:26,2240
7:07:27,3469
7:07:27,1474
7:07:29,4123
7:07:29,4444
7:07:31,2028
7:07:32,4530
7:07:33,2420
7:07:34,4200
7:07:35,3882
7:07:38,1496
7:07:41,4272
7:07:46,3801
7:07:49,1600
7:07:50,3959
7:07:51,4391
7:07:52,4380
7:07:53,4477
7:07:54,3313
7:07:54,2402
7:07:56,3944
7:07:56,4149
7:07:57,1425
7:07:57,1509
7:07:57,4400
7:07:57,4342
7:07:58,4346
7:08:01,1703
7:08:02,2980
7:08:04,2603
7:08:06,3888
7:08:08,3053
7:08:11,1488
7:08:15,1493
7:08:20,4392
7:08:22,3781
7:08:24,1968
7:08:24,1606
7:08:26,4510
7:08:27,1737
7:08:29,3459
7:08:32,4353
7:08:35,4435
7:08:35,4223
7:08:36,4140
7:08:37,2001
7:08:39,2498
7:08:41,3302
7:08:41,4315
7:08:46,2636
7:08:46,4569
7:08:49,2400
7:08:49,1496
7:08:50,2401
7:08:50,2400
7:08:50,3090
7:08:54,2457
7:08:55,3947
7:08:55,2198
7:08:56,4563
7:08:59,2054
7:09:00,3882
7:09:03,1500
7:09:04,1982
7:09:07,3949
7:09:08,3208
7:09:09,3718
7:09:09,1564
7:09:10,4112
7:09:10,1603
7:09:13,4441
7:09:15,1519
7:09:16,1652
7:09:16,4264
7:09:18,1903
7:09:19,1932
7:09:21,4497
7:09:22,1586
7:09:23,3236
7:09:24,1771
7:09:24,1611
7:09:25,2144
7:09:27,1901
7:09:27,1504
7:09:28,4490
7:09:28,4242
7:09:34,4479
7:09:34,1482
7:09:35,4384
7:09:36,4406
7:09:37,3708
7:09:37,4386
7:09:37,4385
7:09:37,3845
7:09:41,2478
7:09:41,1875
7:09:41,1915
7:09:42,4092
7:09:42,1496
7:09:44,4039
7:09:45,1602
7:09:47,2075
7:09:49,4458
7:09:50,4461
7:09:52,1637
7:09:52,2940
7:09:54,1587
7:09:54,1873
7:09:54,1495
7:09:55,2706
7:09:55,3127
7:09:58,3045
7:10:00,4525
7:10:04,3357
7:10:04,4159
7:10:05,3062
7:10:07,4533
7:10:08,1575
7:10:15,2909
7:10:19,1479
7:10:26,3473
7:10:26,1490
7:10:28,3880
7:10:29,1599
7:10:29,4030
7:10:30,4248
7:10:31,3883
7:10:31,4343
7:10:31,4343
7:10:31,2194
7:10:34,2884
7:10:37,2127
7:10:38,4220
7:10:38,3624
7:10:40,3325
7:10:43,3539
7:10:45,3578
7:10:47,1624
7:10:47,2036
7:10:48,1543
7:10:50,3865
7:10:55,4561
7:10:57,1559
7:11:00,1594
7:11:01,3248
7:11:06,2751
7:11:08,2315
7:11:11,1479
7:11:11,4384
7:11:12,4410
7:11:12,3300
7:11:13,4133
7:11:16,2491
7:11:18,1571
7:11:20,1756
7:11:21,3619
7:11:21,3694
7:11:22,4327
7:11:23,4327
7:11:23,4327
7:11:24,3202
7:11:27,3173
7:11:30,1696
7:11:33,2618
7:11:37,3636
7:11:37,3902
7:11:37,3902
7:11:38,2572
7:11:38,3902
7:11:43,4557
7:11:43,1515
7:11:43,1493
7:11:43,2410
7:11:44,2300
7:11:44,3886
7:11:45,4406
7:11:45,1704
7:11:48,3352
7:11:52,3445
7:11:52,1603
7:11:52,4472
7:11:58,1594
7:11:59,3047
7:12:03,2474
7:12:04,4020
7:12:05,4494
7:12:07,3247
7:12:09,3745
7:12:12,2705
7:12:14,4555
7:12:16,2548
7:12:26,2789
7:12:28,1443
7:12:28,4564
7:12:29,1951
7:12:29,1597
7:12:29,1481
7:12:31,3959
7:12:38,4173
7:12:40,4317
7:12:43,2961
7:12:44,3569
7:12:44,3570
7:12:47,1541
7:12:57,3258
7:12:57,3257
7:12:57,3676
7:12:58,3109
7:12:59,4563
7:12:59,1537
7:13:00,2911
7:13:00,2320
7:13:01,4559
7:13:03,4448
7:13:04,4440
7:13:05,4044
7:13:05,2937
7:13:07,4062
7:13:09,2876
7:13:11,3900
7:13:14,3663
7:13:15,3181
7:13:16,2200
7:13:16,1855
7:13:18,2143
7:13:22,4376
7:13:22,2990
7:13:23,2364
7:13:26,4454
7:13:27,3718
7:13:28,1639
7:13:28,4441
7:13:30,4280
7:13:30,3738
7:13:31,3221
7:13:35,4454
7:13:36,4303
7:13:36,1587
7:13:37,2936
7:13:38,4383
7:13:41,4439
7:13:42,4366
7:13:43,3320
7:13:44,4320
7:13:48,4271
7:13:48,3044
7:13:48,4107
7:13:54,4238
7:13:55,3782
7:13:56,2210
7:13:57,2666
7:13:58,3843
7:13:58,3136
7:14:05,1911
7:14:05,4532
7:14:08,1962
7:14:14,4126
7:14:14,4432
7:14:16,1651
7:14:17,3156
7:14:17,2850
7:14:18,2071
7:14:18,2423
7:14:21,4564
7:14:21,4356
7:14:23,4162
7:14:23,3346
7:14:25,2034
7:14:26,1599
7:14:26,3289
7:14:26,1946
7:14:28,3110
7:14:31,3246
7:14:32,2336
7:14:34,4413
7:14:36,3064
7:14:37,3546
7:14:37,1583
7:14:38,1595
7:14:40,4420
7:14:40,3706
7:14:46,1586
7:14:49,3665
7:14:50,3393
7:14:52,2774
7:14:52,2425
7:14:53,4320
7:14:56,4001
7:14:56,1757
7:14:57,4388
7:15:00,2322
7:15:01,2977
7:15:03,1482
7:15:09,1514
7:15:10,3091
7:15:12,3892
7:15:13,4231
7:15:14,3021
7:15:16,4564
7:15:17,4010
7:15:20,2756
7:15:20,1604
7:15:22,4288
7:15:23,3053
7:15:24,2787
7:15:25,2079
7:15:25,1811
7:15:27,3071
7:15:28,3166
7:15:31,2331
7:15:31,2332
7:15:32,1767
7:15:32,2333
7:15:33,2332
7:15:34,1627
7:15:34,2022
7:15:35,2002
7:15:36,3047
7:15:37,4566
7:15:38,3202
7:15:43,4137
7:15:47,1494
7:15:49,1604
7:15:50,4558
7:15:51,2401
7:15:53,3750
7:15:53,2902
7:15:54,2306
7:15:59,2818
7:15:59,4228
7:16:01,4100
7:16:06,3455
7:16:06,1551
7:16:07,4291
7:16:07,3153
7:16:08,3757
7:16:08,1857
7:16:09,2189
7:16:09,4409
7:16:10,1825
7:16:10,3239
7:16:15,2803
7:16:15,3526
7:16:17,2582
7:16:19,4000
7:16:22,1939
7:16:22,2545
7:16:23,2292
7:16:25,4543
7:16:29,1780
7:16:30,1478
7:16:30,3895
7:16:32,1607
7:16:33,4093
7:16:34,2591
7:16:35,3278
7:16:36,3560
7:16:39,3927
7:16:41,2368
7:16:44,3304
7:16:44,2844
7:16:47,2344
7:16:47,4292
7:16:50,1558
7:16:52,3260
7:16:53,4015
7:16:53,2409
7:16:54,4095
7:16:55,4544
7:16:55,3904
7:16:56,1636
7:16:56,3375
7:17:01,1478
7:17:02,2435
7:17:05,3830
7:17:07,1622
7:17:09,4185
7:17:13,2822
7:17:14,4249
7:17:15,4557
7:17:17,4264
7:17:19,2881
7:17:20,4516
7:17:21,3934
7:17:25,3963
7:17:27,1815
7:17:28,1642
7:17:33,2846
7:17:33,2944
7:17:33,4381
7:17:34,4382
7:17:36,3892
7:17:36,2798
7:17:38,2989
7:17:38,3294
7:17:40,3846
7:17:40,4519
7:17:41,3417
7:17:41,1489
7:17:43,3072
7:17:43,3069
7:17:43,1746
7:17:43,3070
7:17:45,4246
7:17:49,2745
7:17:53,4436
7:17:58,1611
7:18:00,1586
7:18:02,2244
7:18:02,1575
7:18:06,3933
7:18:08,2134
7:18:12,4037
7:18:12,1801
7:18:13,2839
7:18:15,4429
7:18:18,3062
7:18:21,3460
7:18:22,4353
7:18:23,2263
7:18:25,1579
7:18:28,1488
7:18:29,3997
7:18:30,2000
7:18:33,3592
7:18:37,2651
7:18:37,3999
7:18:40,3714
7:18:40,3793
7:18:40,1594
7:18:41,4194
7:18:44,3856
7:18:44,4564
7:18:45,4173
7:18:46,4429
7:18:46,3885
7:18:47,1505
7:18:47,2814
7:18:49,2130
7:18:50,2200
7:18:53,3450
7:18:54,4288
7:18:56,1640
7:18:58,3249
7:18:58,2649
7:18:59,3704
7:19:01,4282
7:19:01,2199
7:19:03,2132
7:19:03,2137
7:19:03,2132
7:19:04,1634
7:19:05,4534
7:19:06,2383
7:19:07,3315
7:19:09,4027
7:19:10,1438
7:19:11,1707
7:19:12,2106
7:19:14,3129
7:19:14,1852
7:19:14,1782
7:19:15,2761
7:19:16,2208
7:19:18,4436
7:19:23,3906
7:19:23,4413
7:19:29,3579
7:19:30,3989
7:19:32,1499
7:19:33,3571
7:19:33,4150
7:19:35,3446
7:19:36,2315
7:19:37,1531
7:19:38,4307
7:19:42,1611
7:19:46,3682
7:19:46,1591
7:19:47,2596
7:19:51,4182
7:19:52,1665
7:19:52,2979
7:19:52,3147
7:19:56,4371
7:19:56,3249
7:19:58,3814
7:19:59,4339
7:19:59,1777
7:19:59,2513
7:20:00,2710
7:20:03,3907
7:20:08,4546
7:20:08,3883
7:20:10,1843
7:20:10,1830
7:20:11,2922
7:20:11,1651
7:20:15,4200
7:20:15,1944
7:20:16,2110
7:20:17,1845
7:20:19,4138
7:20:20,1979
7:20:21,2778
7:20:23,4064
7:20:24,1495
7:20:30,4558
7:20:31,3062
7:20:33,1857
7:20:33,4451
7:20:34,2751
7:20:34,1828
7:20:35,3843
7:20:36,3689
7:20:36,3842
7:20:36,4411
7:20:39,2362
7:20:41,1656
7:20:42,2096
7:20:43,1487
7:20:43,3464
7:20:44,1618
7:20:49,3772
7:20:51,4503
7:20:52,4003
7:20:56,1510
7:20:58,2017
7:21:00,3620
7:21:05,4324
7:21:05,4043
7:21:07,4129
7:21:09,3310
7:21:09,2756
7:21:11,2376
7:21:12,4453
7:21:18,1591
7:21:18,2272
7:21:19,1527
7:21:21,3489
7:21:24,4553
7:21:24,3064
7:21:25,3429
7:21:26,4374
7:21:28,4106
7:21:28,3399
7:21:31,3610
7:21:35,3218
7:21:38,1486
7:21:40,4143
7:21:40,2565
7:21:40,3508
7:21:41,4361
7:21:42,4191
7:21:43,1711
7:21:45,3745
7:21:46,1594
7:21:47,4193
7:21:47,2089
7:21:48,3032
7:21:48,2586
7:21:48,3826
7:21:48,1598
7:21:49,3172
7:21:50,4198
7:21:55,1495
7:21:56,4043
7:21:56,1900
7:21:57,2699
7:21:57,1671
7:21:58,1496
7:22:04,1569
7:22:05,4464
7:22:06,2773
7:22:06,1863
7:22:06,2763
7:22:07,3673
7:22:13,4209
7:22:14,3993
7:22:16,3444
7:22:18,1649
7:22:23,2177
7:22:24,3099
7:22:25,1493
7:22:27,2522
7:22:27,4489
7:22:30,4352
7:22:33,1489
7:22:35,2656
7:22:36,1489
7:22:36,3373
7:22:37,4374
7:22:37,2910
7:22:37,4438
7:22:38,3412
7:22:39,3229
7:22:39,4144
7:22:44,2640
7:22:44,3980
7:22:47,2209
7:22:47,3209
7:22:48,4302
7:22:51,4394
7:22:51,4393
7:22:52,4433
7:22:53,4089
7:22:53,1925
7:22:58,2187
7:23:00,4198
7:23:02,2312
7:23:03,4403
7:23:04,1487
7:23:04,3084
7:23:09,1575
7:23:10,1668
7:23:10,1667
7:23:11,4015
7:23:12,3575
7:23:15,4343
7:23:15,4430
7:23:18,2182
7:23:19,1659
7:23:19,4432
7:23:21,1661
7:23:21,1657
7:23:22,1480
7:23:23,4319
7:23:23,1774
7:23:23,2135
7:23:24,4001
7:23:24,1775
7:23:24,3778
7:23:24,2682
7:23:26,4478
7:23:27,4004
7:23:27,4005
7:23:29,4245
7:23:32,4086
7:23:32,2139
7:23:35,3018
7:23:37,4079
7:23:38,1738
7:23:39,4127
7:23:40,3168
7:23:42,4433
7:23:42,4553
7:23:42,4432
7:23:42,3691
7:23:43,4371
7:23:43,2967
7:23:46,4013
7:23:46,4559
7:23:50,3056
7:23:53,2190
7:23:53,3163
7:23:54,4317
7:23:55,3889
7:23:57,1542
7:23:57,1539
7:23:58,1541
7:23:59,2221
7:24:02,4484
7:24:02,4486
7:24:04,3061
7:24:04,4490
7:24:04,4224
7:24:06,1658
7:24:07,1604
7:24:07,2410
7:24:07,2620
7:24:08,2179
7:24:10,3002
7:24:14,4528
7:24:16,3348
7:24:17,1476
7:24:21,3743
7:24:22,4429
7:24:23,2860
7:24:24,3449
7:24:24,3258
7:24:25,2051
7:24:30,4006
7:24:31,3733
7:24:32,3560
7:24:32,3561
7:24:32,3560
7:24:33,4397
7:24:33,3708
7:24:33,3015
7:24:34,2509
7:24:36,3541
7:24:36,4242
7:24:37,4448
7:24:38,2512
7:24:40,1473
7:24:41,1682
7:24:41,1682
7:24:42,2558
7:24:42,3804
7:24:43,4538
7:24:43,4458
7:24:43,4458
7:24:44,4244
7:24:44,3636
7:24:46,1664
7:24:48,3494
7:24:48,3677
7:24:48,4451
7:24:49,4556
7:24:49,2215
7:24:49,3099
7:24:50,2215
7:24:50,2422
7:24:51,3682
7:24:52,3679
7:24:55,3693
7:24:55,2310
7:24:56,4563
7:24:56,3181
7:24:56,2314
7:24:57,4557
7:24:57,4560
7:24:58,4471
7:24:58,4436
7:25:01,2930
7:25:04,2809
7:25:04,2814
7:25:04,2818
7:25:05,2795
7:25:05,2789
7:25:10,4355
7:25:11,3547
7:25:12,1594
7:25:12,2675
7:25:12,3748
7:25:13,2663
7:25:13,3505
7:25:14,3174
7:25:14,2662
7:25:14,1618
7:25:15,1787
7:25:15,4466
7:25:16,2633
7:25:16,2637
7:25:17,4413
7:25:17,4363
7:25:18,3413
7:25:18,4387
7:25:19,2385
7:25:22,4260
7:25:24,4442
7:25:26,2298
7:25:26,1521
7:25:27,4441
7:25:30,2661
7:25:31,3921
7:25:33,4163
7:25:37,4371
7:25:37,4404
7:25:38,2686
7:25:40,1786
7:25:41,4234
7:25:44,3885
7:25:46,4456
7:25:47,2065
7:25:49,4400
7:25:50,3065
7:25:51,4370
7:25:51,4373
7:25:54,1486
7:25:55,1585
7:25:55,2076
7:25:56,2983
7:25:57,3526
7:26:00,2356
7:26:01,1599
7:26:02,1591
7:26:02,2264
7:26:03,3722
7:26:03,4259
7:26:03,2819
7:26:07,2614
7:26:07,4476
7:26:08,2789
7:26:10,4400
7:26:10,2538
7:26:12,2441
7:26:16,1623
7:26:17,3064
7:26:17,4097
7:26:19,3457
7:26:20,2194
7:26:24,2919
7:26:24,2266
7:26:25,3160
7:26:26,1835
7:26:26,2310
7:26:27,3957
7:26:31,4080
7:26:33,1677
7:26:33,3038
7:26:34,2713
7:26:36,2471
7:26:36,2684
7:26:37,3744
7:26:39,2261
7:26:40,3779
7:26:40,4049
7:26:41,3731
7:26:42,2226
7:26:44,1786
7:26:44,2369
7:26:45,4553
7:26:46,2510
7:26:48,3949
7:26:48,4083
7:26:51,1524
7:26:54,4433
7:26:54,2115
7:26:54,1838
7:26:55,4556
7:26:56,3791
7:26:58,1484
7:26:58,3576
7:27:00,4526
7:27:01,2647
7:27:03,1441
7:27:03,1594
7:27:06,1469
7:27:06,4286
7:27:08,4411
7:27:11,2992
7:27:11,1617
7:27:13,4294
7:27:15,3608
7:27:17,3990
7:27:27,2195
7:27:28,2146
7:27:29,4392
7:27:30,1568
7:27:30,2578
7:27:31,2357
7:27:33,1475
7:27:35,2141
7:27:35,3930
7:27:40,1425
7:27:41,1474
7:27:43,2692
7:27:43,4480
7:27:43,1666
7:27:46,1791
7:27:46,4416
7:27:47,4452
7:27:47,4485
7:27:48,1595
7:27:48,2202
7:27:48,2713
7:27:54,3540
7:28:03,4541
7:28:04,2175
7:28:05,2228
7:28:10,2227
7:28:11,2647
7:28:11,1481
7:28:14,1786
7:28:14,2142
7:28:14,4531
7:28:15,2837
7:28:22,2217
7:28:23,3475
7:28:24,4540
7:28:26,2042
7:28:29,2941
7:28:31,4182
7:28:33,3166
7:28:35,4563
7:28:36,1641
7:28:37,3283
7:28:39,4204
7:28:49,4504
7:28:50,4368
7:28:50,2973
7:28:52,1856
7:28:54,1969
7:28:55,1971
7:28:55,4426
7:28:58,2570
7:28:59,1472
7:29:01,4414
7:29:03,3730
7:29:05,2212
7:29:05,1617
7:29:06,3070
7:29:08,3806
7:29:08,2174
7:29:08,3808
7:29:10,3380
7:29:10,2476
7:29:11,2182
7:29:12,3724
7:29:14,4502
7:29:18,4239
7:29:18,3724
7:29:19,3273
7:29:19,3724
7:29:19,3272
7:29:19,3309
7:29:19,3272
7:29:20,4161
7:29:21,4175
7:29:22,3580
7:29:26,3994
7:29:27,3938
7:29:30,2864
7:29:33,3227
7:29:33,2172
7:29:35,1663
7:29:36,3891
7:29:38,3884
7:29:39,2995
7:29:39,1918
7:29:39,2641
7:29:40,2993
7:29:40,3149
7:29:45,2744
7:29:46,4454
7:29:46,2194
7:29:46,3778
7:29:52,3128
7:29:54,3739
7:29:54,4501
7:29:55,3447
7:29:55,2387
7:29:56,4441
7:29:58,3501
7:30:00,1568
7:30:00,1484
7:30:02,3954
7:30:02,2176
7:30:07,1818
7:30:07,2362
7:30:11,4525
7:30:11,3312
7:30:14,4517
7:30:22,3133
7:30:25,2472
7:30:27,4515
7:30:28,3666
7:30:33,4338
7:30:33,1578
7:30:33,3624
7:30:33,2948
7:30:36,3550
7:30:36,3825
7:30:37,3831
7:30:37,4080
7:30:37,3982
7:30:40,2267
7:30:41,4500
7:30:43,2703
7:30:44,3250
7:30:44,4360
7:30:46,1552
7:30:47,2867
7:30:48,4343
7:30:49,2316
7:30:52,3718
7:30:53,2588
7:30:53,4418
7:30:56,3003
7:30:57,3890
7:30:57,3814
7:30:57,2870
7:30:59,4094
7:30:59,3811
7:30:59,3816
7:31:05,4409
7:31:05,3563
7:31:06,3236
7:31:07,2474
7:31:09,4302
7:31:10,3607
7:31:11,4179
7:31:12,4470
7:31:12,4101
7:31:13,1848
7:31:14,3710
7:31:14,3531
7:31:14,3528
7:31:21,1480
7:31:21,4316
7:31:22,2307
7:31:22,1669
7:31:23,2787
7:31:24,1479
7:31:28,1512
7:31:29,3792
7:31:31,1829
7:31:45,1859
7:31:45,3634
7:31:47,1868
7:31:48,2812
7:31:48,1871
7:31:50,3567
7:31:50,4408
7:31:51,2351
7:31:52,1487
7:31:52,1591
7:31:52,3952
7:31:53,4429
7:31:53,4430
7:31:54,4353
7:31:54,4505
7:31:56,1647
7:31:57,4001
7:31:57,2429
7:31:57,3160
7:31:58,2589
7:31:59,3559
7:32:05,1493
7:32:06,3164
7:32:06,2766
7:32:07,2660
7:32:08,1576
7:32:09,2735
7:32:10,2209
7:32:11,1509
7:32:14,1809
7:32:19,1597
7:32:25,4063
7:32:26,4456
7:32:27,2256
7:32:30,4109
7:32:30,2869
7:32:31,4198
7:32:33,3889
7:32:39,2041
7:32:41,1499
7:32:42,2635
7:32:44,3201
7:32:44,4364
7:32:44,3105
7:32:47,4435
7:32:47,1791
7:32:49,4057
7:32:52,2872
7:32:55,4299
7:32:58,2181
7:32:59,4389
7:33:06,1561
7:33:08,3714
7:33:09,3917
7:33:10,2332
7:33:11,1602
7:33:14,3787
7:33:14,3404
7:33:16,3450
7:33:16,3449
7:33:17,2004
7:33:20,3905
7:33:21,4382
7:33:21,4501
7:33:21,4021
7:33:21,4021
7:33:23,2673
7:33:24,2243
7:33:27,4407
7:33:28,4440
7:33:30,2442
7:33:32,1594
7:33:33,4216
7:33:34,3578
7:33:34,4352
7:33:34,3129
7:33:35,4555
7:33:35,3603
7:33:35,2656
7:33:36,4120
7:33:36,3315
7:33:37,1620
7:33:38,1732
7:33:41,4502
7:33:42,3056
7:33:46,4218
7:33:46,3976
7:33:46,1807
7:33:52,4054
7:33:53,4401
7:33:56,4424
7:33:56,4450
7:33:59,2572
7:34:03,2337
7:34:05,4458
7:34:06,2113
7:34:07,4458
7:34:11,2831
7:34:13,3903
7:34:15,3990
7:34:16,1669
7:34:17,4346
7:34:17,1673
7:34:18,2853
7:34:20,3133
7:34:25,1672
7:34:29,3954
7:34:31,2548
7:34:35,3348
7:34:38,1583
7:34:41,2980
7:34:43,3970
7:34:43,2016
7:34:44,2619
7:34:44,2307
7:34:47,2524
7:34:47,3205
7:34:49,4059
7:34:50,3207
7:34:52,2626
7:34:53,4032
7:34:54,2614
7:34:55,3317
7:34:56,3059
7:34:57,3992
7:34:57,2026
7:34:58,4555
7:34:58,4311
7:34:59,3072
7:35:00,1672
7:35:05,1615
7:35:07,3751
7:35:08,3723
7:35:08,3975
7:35:10,3959
7:35:10,4132
7:35:16,1473
7:35:17,1765
7:35:19,1490
7:35:20,2547
7:35:21,4212
7:35:25,2193
7:35:26,4441
7:35:27,3620
7:35:28,4450
7:35:28,1742
7:35:29,1484
7:35:31,2995
7:35:33,2698
7:35:33,2629
7:35:33,4446
7:35:36,2615
7:35:36,2662
7:35:39,3425
7:35:40,3648
7:35:40,3745
7:35:41,4556
7:35:43,2347
7:35:44,1952
7:35:44,4338
7:35:47,1502
7:35:47,2640
7:35:48,4021
7:35:49,1805
7:35:52,3640
7:35:53,3700
7:35:54,2742
7:35:55,4007
7:35:57,3893
7:35:57,4542
7:35:59,1869
7:36:00,3145
7:36:04,3815
7:36:04,1472
7:36:05,1580
7:36:05,4534
7:36:06,4556
7:36:07,2669
7:36:09,2032
7:36:12,1590
7:36:14,2214
7:36:16,2262
7:36:19,2974
7:36:19,2062
7:36:20,2013
7:36:21,4294
7:36:22,4486
7:36:22,1662
7:36:23,4363
7:36:24,1687
7:36:26,1870
7:36:27,3638
7:36:28,1501
7:36:30,3926
7:36:33,3944
7:36:35,3089
7:36:35,4273
7:36:38,1979
7:36:41,1705
7:36:42,3261
7:36:43,3763
7:36:44,3888
7:36:46,4293
7:36:48,3965
7:36:50,4349
7:36:51,4341
7:36:52,1799
7:36:53,3856
7:36:53,2969
7:36:55,4463
7:36:55,1863
7:36:56,1588
7:36:56,1591
7:36:56,1588
7:36:59,2974
7:36:59,3893
7:37:00,3885
7:37:01,4458
7:37:03,1720
7:37:03,2770
7:37:03,4294
7:37:04,2863
7:37:05,1590
7:37:06,2255
7:37:07,2962
7:37:12,1431
7:37:13,4369
7:37:15,1668
7:37:15,3096
7:37:17,4188
7:37:17,1613
7:37:18,3735
7:37:19,3274
7:37:21,2740
7:37:22,4150
7:37:22,4475
7:37:23,4153
7:37:25,2713
7:37:26,4161
7:37:26,3232
7:37:27,3428
7:37:29,1651
7:37:31,1499
7:37:31,1480
7:37:32,4025
7:37:32,2807
7:37:34,2980
7:37:35,4357
7:37:36,4490
7:37:37,3890
7:37:38,3432
7:37:40,4161
7:37:40,2030
7:37:42,3804
7:37:42,4491
7:37:43,1970
7:37:44,1970
7:37:44,1970
7:37:44,4436
7:37:46,1962
7:37:47,4428
7:37:48,4493
7:37:52,4551
7:37:53,3874
7:37:53,3342
7:37:54,4495
7:37:54,2142
7:37:57,1586
7:37:57,4495
7:37:58,4495
7:37:59,2874
7:38:00,4495
7:38:02,4496
7:38:03,4496
7:38:04,4503
7:38:05,4327
7:38:05,4327
7:38:06,4498
7:38:06,4545
7:38:06,3820
7:38:08,4497
7:38:09,4497
7:38:09,4425
7:38:10,4560
7:38:14,2303
7:38:14,3397
7:38:15,3402
7:38:15,4499
7:38:17,4472
7:38:20,1463
7:38:21,1486
7:38:21,2359
7:38:21,3741
7:38:23,4042
7:38:23,3004
7:38:24,1615
7:38:27,3911
7:38:28,3012
7:38:28,3013
7:38:29,4509
7:38:31,1765
7:38:32,4540
7:38:34,1609
7:38:36,2899
7:38:36,3154
7:38:39,2812
7:38:45,2915
7:38:46,3126
7:38:51,4428
7:38:51,4162
7:38:51,2765
7:38:58,4431
7:38:58,3943
7:39:01,1712
7:39:03,4363
7:39:03,1557
7:39:04,3562
7:39:06,2930
7:39:09,4437
7:39:09,4549
7:39:13,4430
7:39:19,4462
7:39:23,4252
7:39:24,2904
7:39:27,3788
7:39:30,2039
7:39:31,1606
7:39:32,3119
7:39:34,4340
7:39:34,4140
7:39:40,4231
7:39:47,2284
7:39:48,4347
7:39:48,2112
7:39:49,4404
7:39:50,2369
7:39:50,1495
7:39:51,2659
7:39:51,4507
7:39:52,2021
7:39:52,4562
7:39:56,2211
7:40:00,2950
7:40:00,4540
7:40:02,3889
7:40:03,1843
7:40:05,1468
7:40:05,2473
7:40:08,1511
7:40:08,1480
7:40:10,3683
7:40:13,2777
7:40:15,3262
7:40:16,3707
7:40:17,1720
7:40:19,1588
7:40:29,3682
7:40:29,1572
7:40:34,1577
7:40:38,4051
7:40:38,3103
7:40:39,3515
7:40:40,1714
7:40:41,4559
7:40:45,4464
7:40:46,2880
7:40:50,1490
7:40:54,2972
7:40:55,3569
7:40:55,4048
7:40:56,4110
7:40:56,4423
7:41:02,3452
7:41:02,1595
7:41:03,2450
7:41:03,2607
7:41:04,4404
7:41:04,4405
7:41:05,2402
7:41:07,4361
7:41:08,2058
7:41:11,2860
7:41:11,2858
7:41:15,2697
7:41:17,3424
7:41:18,3007
7:41:22,2121
7:41:23,4439
7:41:24,2235
7:41:25,4096
7:41:27,4343
7:41:29,4259
7:41:29,2227
7:41:31,1594
7:41:31,2950
7:41:32,1944
7:41:32,4074
7:41:33,1984
7:41:33,4427
7:41:34,2932
7:41:40,3898
7:41:41,4478
7:41:41,2200
7:41:46,4480
7:41:46,2614
7:41:46,4385
7:41:47,3940
7:41:49,3421
7:41:51,2042
7:41:54,2325
7:41:54,4342
7:41:54,1941
7:41:54,3579
7:41:55,4409
7:41:55,2026
7:41:56,4461
7:41:57,4473
7:41:57,3635
7:41:59,4157
7:42:00,2966
7:42:02,3920
7:42:02,4114
7:42:02,3722
7:42:03,2971
7:42:06,1616
7:42:06,1599
7:42:08,4544
7:42:08,4451
7:42:16,4344
7:42:16,2840
7:42:17,3684
7:42:17,4181
7:42:18,3669
7:42:19,3035
7:42:19,3670
7:42:22,3999
7:42:24,3927
7:42:26,2224
7:42:27,2596
7:42:27,3179
7:42:27,2225
7:42:31,1595
7:42:33,3600
7:42:37,2916
7:42:37,2412
7:42:38,4421
7:42:38,3476
7:42:39,2532
7:42:40,4343
7:42:40,4344
7:42:41,2460
7:42:46,1852
7:42:53,1476
7:42:55,2329
7:42:55,2329
7:42:57,3225
7:42:58,2023
7:42:59,3693
7:43:00,3924
7:43:00,2961
7:43:01,2580
7:43:11,3178
7:43:13,4557
7:43:16,4079
7:43:17,3944
7:43:24,1473
7:43:26,1470
7:43:27,2283
7:43:30,4395
7:43:31,2141
7:43:31,4369
7:43:35,3997
7:43:35,2179
7:43:45,3913
7:43:45,4507
7:43:46,3912
7:43:46,4247
7:43:46,3912
7:43:47,3193
7:43:47,1455
7:43:48,3881
7:43:48,3730
7:43:52,3888
7:43:53,4437
7:43:55,1538
7:43:55,3069
7:43:56,3068
7:43:59,4509
7:44:02,4275
7:44:03,2636
7:44:03,2636
7:44:04,4493
7:44:05,4315
7:44:07,3197
7:44:09,2641
7:44:09,4377
7:44:10,3058
7:44:10,4400
7:44:17,1452
7:44:17,1757
7:44:18,3652
7:44:19,4448
7:44:19,2712
7:44:20,4546
7:44:21,3339
7:44:22,4385
7:44:26,4221
7:44:27,2060
7:44:27,2060
7:44:28,2711
7:44:29,2658
7:44:30,3195
7:44:32,1485
7:44:34,2899
7:44:35,4226
7:44:35,4238
7:44:36,4251
7:44:36,4245
7:44:36,2856
7:44:36,3447
7:44:37,2164
7:44:38,1871
7:44:38,1469
7:44:40,4443
7:44:41,1478
7:44:43,1500
7:44:44,1633
7:44:44,4530
7:44:46,4438
7:44:48,4437
7:44:48,4533
7:44:48,4424
7:44:49,1729
7:44:51,2191
7:44:52,4068
7:44:54,3616
7:44:55,2822
7:44:56,3080
7:44:56,4388
7:45:01,3078
7:45:04,4443
7:45:07,3379
7:45:10,4270
7:45:10,2584
7:45:10,3441
7:45:11,3087
7:45:11,4491
7:45:12,1617
7:45:12,3304
7:45:13,3304
7:45:18,4134
7:45:18,3093
7:45:26,4443
7:45:28,3090
7:45:29,2204
7:45:34,1596
7:45:34,2849
7:45:35,1485
7:45:36,3809
7:45:38,3203
7:45:42,1579
7:45:43,1818
7:45:44,1600
7:45:44,4553
7:45:50,2415
7:45:52,2126
7:45:52,2125
7:45:52,3031
7:45:53,3343
7:45:55,4446
7:45:56,2648
7:45:56,2712
7:46:03,3127
7:46:03,2982
7:46:05,2203
7:46:07,2548
7:46:08,3911
7:46:08,4093
7:46:09,3999
7:46:09,3652
7:46:09,4092
7:46:10,1971
7:46:13,1453
7:46:13,1452
7:46:15,1683
7:46:16,3384
7:46:21,1575
7:46:23,2775
7:46:24,3585
7:46:25,3498
7:46:25,1809
7:46:26,3606
7:46:26,1417
7:46:26,3605
7:46:28,1594
7:46:33,2308
7:46:34,3065
7:46:35,4436
7:46:50,2500
7:46:50,3894
7:46:50,1471
7:46:51,2417
7:46:51,2905
7:46:54,2193
7:46:55,2437
7:46:55,3518
7:46:55,4533
7:46:59,4395
7:47:00,4442
7:47:00,4249
7:47:03,4499
7:47:03,4497
7:47:04,3586
7:47:04,3968
7:47:07,2532
7:47:07,4096
7:47:12,1683
7:47:15,2177
7:47:16,4384
7:47:17,4393
7:47:19,4423
7:47:20,4426
7:47:21,3088
7:47:23,3619
7:47:23,3528
7:47:23,3880
7:47:24,1445
7:47:24,4537
7:47:27,4034
7:47:28,2766
7:47:29,3508
7:47:31,4411
7:47:32,2169
7:47:33,4523
7:47:33,4433
7:47:36,2587
7:47:37,3135
7:47:38,3539
7:47:40,3912
7:47:41,4471
7:47:43,4560
7:47:47,4513
7:47:49,2632
7:47:51,4235
7:47:53,3615
7:47:55,2834
7:47:56,4420
7:47:58,1538
7:47:58,1700
7:47:59,4507
7:48:01,4557
7:48:06,4166
7:48:09,3805
7:48:09,3893
7:48:14,4544
7:48:16,2799
7:48:16,2799
7:48:16,2800
7:48:18,1484
7:48:21,1486
7:48:23,3001
7:48:24,2964
7:48:25,1476
7:48:28,2762
7:48:29,3867
7:48:31,2856
7:48:46,1669
7:48:47,4410
7:48:48,3920
7:48:50,2435
7:48:51,1481
7:48:51,3880
7:48:55,4211
7:48:55,2490
7:48:59,4438
7:49:06,1479
7:49:07,4558
7:49:07,2606
7:49:07,4417
7:49:08,2385
7:49:08,3599
7:49:09,4546
7:49:11,3816
7:49:12,2473
7:49:16,3524
7:49:20,1968
7:49:23,4104
7:49:25,2005
7:49:25,2044
7:49:26,2197
7:49:28,2649
7:49:28,4554
7:49:31,1585
7:49:34,3008
7:49:41,1691
7:49:43,1485
7:49:44,2265
7:49:49,3998
7:49:50,4300
7:49:50,4301
7:49:53,2955
7:49:53,3946
7:49:54,4433
7:49:55,4466
7:49:57,4529
7:49:58,2822
7:49:58,3886
7:49:59,1518
7:50:00,1651
7:50:00,2252
7:50:03,4453
7:50:03,1963
7:50:04,4453
7:50:05,1950
7:50:05,3103
7:50:07,4188
7:50:08,3726
7:50:08,4401
7:50:09,3722
7:50:09,3521
7:50:10,4422
7:50:12,2174
7:50:16,4502
7:50:18,4438
7:50:20,4456
7:50:20,4456
7:50:22,1481
7:50:27,2406
7:50:30,2249
7:50:33,2214
7:50:36,3819
7:50:38,4450
7:50:38,2267
7:50:42,1931
7:50:42,2192
7:50:47,3853
7:50:49,4017
7:50:49,4493
7:50:50,2948
7:50:51,2582
7:50:54,1432
7:50:55,2878
7:50:58,4361
7:50:58,4437
7:51:00,4059
7:51:01,1723
7:51:02,4453
7:51:04,4527
7:51:04,1487
7:51:07,2374
7:51:12,1860
7:51:14,4340
7:51:15,4035
7:51:17,3375
7:51:18,3367
7:51:19,3364
7:51:20,1642
7:51:23,2853
7:51:24,2304
7:51:26,4081
7:51:27,2125
7:51:27,1593
7:51:28,4157
7:51:31,1583
7:51:31,3210
7:51:31,1594
7:51:32,3182
7:51:36,2382
7:51:37,3508
7:51:38,4403
7:51:39,2078
7:51:41,4418
7:51:42,3185
7:51:44,1611
7:51:45,3255
7:51:46,1574
7:51:46,2984
7:51:46,2448
7:51:47,4126
7:51:51,4424
7:51:51,4343
7:51:53,4344
7:51:53,4345
7:51:54,4343
7:51:54,4343
7:51:55,1570
7:51:56,2023
7:51:58,1625
7:51:59,4379
7:52:02,2784
7:52:06,2276
7:52:09,2250
7:52:09,4391
7:52:12,4164
7:52:13,1614
7:52:18,4135
7:52:19,4542
7:52:20,4030
7:52:27,1588
7:52:30,4032
7:52:30,3089
7:52:30,4273
7:52:31,2189
7:52:32,3344
7:52:36,4386
7:52:36,4385
7:52:37,4548
7:52:38,3386
7:52:39,3431
7:52:39,1938
7:52:40,3017
7:52:42,1598
7:52:45,4338
7:52:45,4434
7:52:48,2216
7:52:50,3702
7:52:51,1501
7:52:52,1607
7:52:54,3396
7:52:54,4463
7:52:57,1624
7:52:57,1690
7:52:58,3120
7:52:59,2653
7:53:00,1939
7:53:01,4516
7:53:07,1477
7:53:07,1769
7:53:09,3861
7:53:13,4079
7:53:17,3302
7:53:19,1591
7:53:22,1486
7:53:22,4433
7:53:23,3723
7:53:25,1490
7:53:26,4260
7:53:26,2585
7:53:30,2259
7:53:30,4430
7:53:34,4228
7:53:37,2520
7:53:40,2472
7:53:42,4420
7:53:43,4138
7:53:44,4534
7:53:44,2853
7:53:52,3136
7:53:53,4435
7:53:53,1559
7:53:55,3068
7:53:57,4535
7:53:57,3320
7:53:58,1585
7:53:59,3888
7:54:00,1608
7:54:03,2528
7:54:03,1709
7:54:07,3877
7:54:09,1739
7:54:10,2680
7:54:10,3049
7:54:11,1585
7:54:13,2187
7:54:16,1490
7:54:25,2391
7:54:26,1584
7:54:29,3210
7:54:31,1598
7:54:31,1667
7:54:32,3806
7:54:32,3805
7:54:32,4164
7:54:33,3809
7:54:35,2950
7:54:37,3087
7:54:39,1471
7:54:42,3056
7:54:48,4215
7:54:48,4258
7:54:48,2224
7:54:49,4209
7:54:50,1590
7:54:52,1611
7:54:54,4371
7:54:55,4425
7:54:57,4220
7:54:59,1477
7:54:59,4055
7:55:03,2292
7:55:04,2926
7:55:06,4291
7:55:06,2871
7:55:12,1478
7:55:14,4134
7:55:14,4202
7:55:17,3276
7:55:19,2131
7:55:21,2842
7:55:23,2851
7:55:24,4544
7:55:26,4348
7:55:26,2805
7:55:27,4369
7:55:30,4389
7:55:32,2894
7:55:32,2165
7:55:32,3795
7:55:32,4077
7:55:33,4338
7:55:35,1449
7:55:36,4375
7:55:39,4421
7:55:46,3189
7:55:47,3583
7:55:49,2155
7:55:50,2814
7:55:52,1723
7:55:52,2511
7:55:54,4328
7:55:58,1578
7:56:00,2627
7:56:02,2537
7:56:04,3118
7:56:04,3634
7:56:09,3999
7:56:16,1484
7:56:17,4557
7:56:19,1845
7:56:19,4530
7:56:20,3959
7:56:26,1983
7:56:26,2430
7:56:26,4519
7:56:27,4437
7:56:34,2557
7:56:35,1585
7:56:35,2365
7:56:36,4185
7:56:43,1485
7:56:44,3551
7:56:49,1444
7:56:59,2441
7:57:00,4086
7:57:01,4192
7:57:03,3422
7:57:06,1565
7:57:07,2714
7:57:09,3739
7:57:10,2192
7:57:12,4435
7:57:13,2152
7:57:15,2441
7:57:16,4332
7:57:16,3013
7:57:17,4293
7:57:17,4310
7:57:18,1858
7:57:24,3165
7:57:25,2959
7:57:26,1868
7:57:28,3011
7:57:29,3366
7:57:37,2065
7:57:42,2908
7:57:44,2529
7:57:44,1787
7:57:48,4244
7:57:48,1475
7:57:49,3444
7:57:52,2939
7:57:57,4438
7:57:58,1709
7:58:02,3188
7:58:05,4272
7:58:08,4426
7:58:09,1594
7:58:12,2227
7:58:14,4543
7:58:16,2548
7:58:16,1725
7:58:18,4278
7:58:19,1569
7:58:22,3674
7:58:23,4423
7:58:26,4285
7:58:27,4482
7:58:29,4321
7:58:30,4371
7:58:42,2580
7:58:46,1790
7:58:46,1790
7:58:46,1479
7:58:48,3761
7:58:49,4414
7:58:50,4313
7:58:50,4311
7:58:51,3150
7:58:53,2749
7:58:53,4148
7:58:53,2573
7:58:54,4421
7:58:57,4303
7:58:57,2032
7:58:58,2820
7:58:59,2857
7:59:02,3593
7:59:02,3133
7:59:03,3903
7:59:06,2376
7:59:08,1610
7:59:10,2346
7:59:12,2835
7:59:13,1642
7:59:14,4482
7:59:18,1580
7:59:18,1427
7:59:19,1491
7:59:23,4495
7:59:29,1553
7:59:30,3786
7:59:30,1491
7:59:31,2253
7:59:32,3627
7:59:34,3088
7:59:35,1864
7:59:36,1702
7:59:36,2231
7:59:39,4451
7:59:41,4553
7:59:43,3167
7:59:43,1589
7:59:46,2953
7:59:48,3814
7:59:51,4472
7:59:53,2245
7:59:57,4190
7:59:57,2106
8:00:02,1468
8:00:04,1442
8:00:04,2601
8:00:07,1583
8:00:07,2346
8:00:07,2344
8:00:08,2972
8:00:10,3260
8:00:13,2626
8:00:13,2972
8:00:16,4397
8:00:17,2814
8:00:18,4088
8:00:22,3936
8:00:23,3537
8:00:26,1476
8:00:30,4392
8:00:31,4070
8:00:36,3606
8:00:36,2155
8:00:38,2683
8:00:39,1554
8:00:41,4219
8:00:41,4477
8:00:44,3881
8:00:44,2187
8:00:45,2569
8:00:47,2472
8:00:48,3903
8:00:48,4418
8:00:52,2171
8:00:57,2177
8:00:58,4480
8:00:58,3652
